"sample-id"	"extraction-id"	"dna-extraction-batch"	"nanodrop-dna-concentration-ng-per-uL"	"A260-A280"	"A230-A260"	"DNA-volume-sent-for-library-prep-in-uL"	"water-volume-added-to-dilute-DNA-in-uL"	"DNA-concentration-sent-to-Dalhousie-nanodrop-ng-per-uL"	"sequencing-batch"	"plate-batch"	"sample-type"	"country"	"replicate"	"read_depth_afterDADA2"	"read-depth-compared-to-blanks"	"read_depth_afterTaxaRemoval"	"bead-basher-used"
"D1"	"Mock_9.1"	"9"	"4.4729999999999999"	"2.4089999999999998"	"0.66900000000000004"	"15"	"0"	"4.4729999999999999"	"1"	"1"	"mock"	""	"no"	31628	"above"	31628	"old"
"D10"	"CD005A.3"	"9"	"113.117"	"1.95"	"2.06"	"15"	"0"	"113.117"	"1"	"1"	"stool"	"Denmark"	"no"	12928	"above"	12928	"old"
"D100"	"CD072K.4"	"11"	"34.439"	"1.9330000000000001"	"1.6850000000000001"	"15"	"0"	"34.439"	"1"	"2"	"stool"	"Denmark"	"no"	22743	"above"	22733	"old"
"D101"	"CD075P.2"	"11"	"149.83000000000001"	"1.9059999999999999"	"2.081"	"15"	"0"	"149.83000000000001"	"1"	"2"	"stool"	"Denmark"	"no"	6495	"below"	6495	"old"
"D102"	"CD075P.3"	"11"	"106.04"	"1.901"	"2.1280000000000001"	"15"	"0"	"106.04"	"1"	"2"	"stool"	"Denmark"	"no"	7650	"below"	7650	"old"
"D103"	"CD075P.4"	"11"	"202.715"	"1.9059999999999999"	"1.9"	"15"	"0"	"202.715"	"1"	"2"	"stool"	"Denmark"	"no"	6842	"below"	6842	"old"
"D104"	"CD078U.2"	"11"	"25.062999999999999"	"1.9690000000000001"	"2.0190000000000001"	"15"	"0"	"25.062999999999999"	"1"	"2"	"stool"	"Denmark"	"no"	24513	"above"	24513	"old"
"D105"	"CD078U.3"	"11"	"294.12400000000002"	"1.881"	"1.9650000000000001"	"12.239735621710571"	"2.7602643782894294"	"240"	"1"	"2"	"stool"	"Denmark"	"no"	11934	"below"	11934	"old"
"D106"	"CD078U.4"	"11"	"177.608"	"1.853"	"1.5620000000000001"	"15"	"0"	"177.608"	"1"	"2"	"stool"	"Denmark"	"no"	7954	"below"	7954	"old"
"D107"	"CD080P.2"	"11"	"46.154000000000003"	"1.9239999999999999"	"1.867"	"15"	"0"	"46.154000000000003"	"1"	"2"	"stool"	"Denmark"	"no"	34612	"above"	34612	"old"
"D108"	"CD080P.3"	"11"	"127.176"	"1.9119999999999999"	"2.1869999999999998"	"15"	"0"	"127.176"	"1"	"2"	"stool"	"Denmark"	"no"	15705	"above"	15705	"old"
"D109"	"CD080P.4"	"11"	"174.56800000000001"	"1.89"	"2.0870000000000002"	"15"	"0"	"174.56800000000001"	"1"	"2"	"stool"	"Denmark"	"no"	9523	"below"	9523	"old"
"D11"	"CD005A.4"	"9"	"80.923000000000002"	"1.9350000000000001"	"2.0419999999999998"	"15"	"0"	"80.923000000000002"	"1"	"1"	"stool"	"Denmark"	"no"	26804	"above"	26804	"old"
"D110"	"CD082B.2"	"11"	"33.747999999999998"	"1.8859999999999999"	"1.6879999999999999"	"15"	"0"	"33.747999999999998"	"1"	"2"	"stool"	"Denmark"	"no"	32385	"above"	32385	"old"
"D111"	"CD082B.3"	"11"	"22.661999999999999"	"1.97"	"1.9970000000000001"	"15"	"0"	"22.661999999999999"	"1"	"2"	"stool"	"Denmark"	"no"	27190	"above"	27190	"old"
"D112"	"CD082B.4"	"11"	"147.869"	"1.909"	"2.1320000000000001"	"15"	"0"	"147.869"	"1"	"2"	"stool"	"Denmark"	"no"	9319	"below"	9319	"old"
"D113"	"CD084N.2"	"11"	"226.21100000000001"	"1.895"	"2.1120000000000001"	"15"	"0"	"226.21099999999998"	"1"	"2"	"stool"	"Denmark"	"no"	14770	"above"	14770	"old"
"D114"	"CD084N.3"	"11"	"43.024999999999999"	"2.1240000000000001"	"1.948"	"15"	"0"	"43.024999999999999"	"1"	"2"	"stool"	"Denmark"	"no"	9953	"below"	9953	"old"
"D115"	"CD084N.4"	"11"	"61.107999999999997"	"1.956"	"2.0059999999999998"	"15"	"0"	"61.107999999999997"	"1"	"2"	"stool"	"Denmark"	"no"	17887	"above"	17887	"old"
"D116"	"CD085G.2"	"11"	"8.8819999999999997"	"2.6360000000000001"	"1.5189999999999999"	"15"	"0"	"8.8819999999999997"	"1"	"2"	"stool"	"Denmark"	"no"	25711	"above"	25711	"old"
"D117"	"CD085G.3"	"11"	"75.224999999999994"	"1.966"	"2.109"	"15"	"0"	"75.224999999999994"	"1"	"2"	"stool"	"Denmark"	"no"	1465	"below"	1465	"old"
"D118"	"CD085G.4"	"11"	"141.446"	"1.895"	"2.032"	"15"	"0"	"141.446"	"1"	"2"	"stool"	"Denmark"	"no"	18548	"above"	18548	"old"
"D119"	"CD090G.2"	"11"	"44.701999999999998"	"2.02"	"2.1259999999999999"	"15"	"0"	"44.701999999999998"	"1"	"2"	"stool"	"Denmark"	"no"	19897	"above"	19897	"old"
"D12"	"CD007M.2"	"9"	"46.692"	"1.998"	"1.9870000000000001"	"15"	"0"	"46.692"	"1"	"1"	"stool"	"Denmark"	"no"	13780	"above"	13780	"old"
"D120"	"CD090G.3"	"11"	"53.973999999999997"	"1.9319999999999999"	"2.0840000000000001"	"15"	"0"	"53.973999999999997"	"1"	"2"	"stool"	"Denmark"	"no"	14397	"above"	14397	"old"
"D121"	"CD090G.4"	"11"	"111.068"	"1.9039999999999999"	"1.883"	"15"	"0"	"111.068"	"1"	"2"	"stool"	"Denmark"	"no"	34941	"above"	34941	"old"
"D122"	"CD092S.2"	"11"	"52.442999999999998"	"1.839"	"1.94"	"15"	"0"	"52.442999999999998"	"1"	"2"	"stool"	"Denmark"	"no"	28118	"above"	28118	"old"
"D123"	"CD092S.3"	"11"	"50.194000000000003"	"1.9750000000000001"	"1.9510000000000001"	"15"	"0"	"50.194000000000003"	"1"	"2"	"stool"	"Denmark"	"no"	5074	"below"	5074	"old"
"D124"	"CD092S.4"	"11"	"227.88300000000001"	"1.8939999999999999"	"2.0350000000000001"	"15"	"0"	"227.88300000000001"	"1"	"2"	"stool"	"Denmark"	"no"	653	"below"	653	"old"
"D125"	"Mock_12.1"	"12"	"4.0019999999999998"	"2.306"	"0.75800000000000001"	"15"	"0"	"4.0019999999999998"	"1"	"2"	"mock"	""	"no"	18650	"above"	18650	"old"
"D126"	"CD093L.2"	"12"	"29.4"	"1.8380000000000001"	"2.0019999999999998"	"15"	"0"	"29.4"	"1"	"2"	"stool"	"Denmark"	"no"	25820	"above"	25820	"old"
"D127"	"CD093L.3"	"12"	"101.873"	"1.913"	"2.12"	"15"	"0"	"101.873"	"1"	"2"	"stool"	"Denmark"	"no"	7941	"below"	7941	"old"
"D128"	"CD093L.4"	"12"	"47.137999999999998"	"1.921"	"1.84"	"15"	"0"	"47.137999999999998"	"1"	"2"	"stool"	"Denmark"	"no"	20045	"above"	20045	"old"
"D129"	"CD096Q.2"	"12"	"54.6"	"1.8979999999999999"	"1.9279999999999999"	"15"	"0"	"54.6"	"1"	"2"	"stool"	"Denmark"	"no"	24690	"above"	24690	"old"
"D13"	"CD007M.3"	"9"	"213.23599999999999"	"1.9179999999999999"	"2.1339999999999999"	"15"	"0"	"213.23599999999999"	"1"	"1"	"stool"	"Denmark"	"no"	10160	"below"	10160	"old"
"D130"	"CD096Q.3"	"12"	"68.376000000000005"	"1.899"	"1.9670000000000001"	"15"	"0"	"68.376000000000005"	"1"	"2"	"stool"	"Denmark"	"no"	7630	"below"	7630	"old"
"D131"	"CD096Q.4"	"12"	"47.154000000000003"	"1.91"	"1.994"	"15"	"0"	"47.154000000000003"	"1"	"2"	"stool"	"Denmark"	"no"	21417	"above"	21417	"old"
"D132"	"CD099V.2"	"12"	"72.817999999999998"	"1.899"	"2.097"	"15"	"0"	"72.817999999999998"	"1"	"2"	"stool"	"Denmark"	"no"	7703	"below"	7703	"old"
"D133"	"CD099V.3"	"12"	"82.441000000000003"	"1.8740000000000001"	"2.2080000000000002"	"15"	"0"	"82.441000000000003"	"1"	"2"	"stool"	"Denmark"	"no"	685	"below"	685	"old"
"D134"	"CD099V.4"	"12"	"56.55"	"1.8839999999999999"	"1.9770000000000001"	"15"	"0"	"56.55"	"1"	"2"	"stool"	"Denmark"	"no"	22655	"above"	22655	"old"
"D135"	"CD101D.2"	"12"	"209.655"	"1.8939999999999999"	"2.1309999999999998"	"15"	"0"	"209.655"	"1"	"2"	"stool"	"Denmark"	"no"	1367	"below"	1367	"old"
"D136"	"CD101D.3"	"12"	"12.843"	"2.0489999999999999"	"1.401"	"15"	"0"	"12.843"	"1"	"2"	"stool"	"Denmark"	"no"	7571	"below"	7571	"old"
"D137"	"CD101D.4"	"12"	"163.96299999999999"	"1.869"	"1.748"	"15"	"0"	"163.96299999999999"	"1"	"2"	"stool"	"Denmark"	"no"	20021	"above"	20019	"old"
"D138"	"CD104I.2"	"12"	"51.529000000000003"	"1.919"	"1.9139999999999999"	"15"	"0"	"51.529000000000003"	"1"	"2"	"stool"	"Denmark"	"no"	23521	"above"	23521	"old"
"D139"	"CD104I.3"	"12"	"206.75"	"1.8939999999999999"	"2.1179999999999999"	"15"	"0"	"206.75"	"1"	"2"	"stool"	"Denmark"	"no"	12485	"above"	12485	"old"
"D14"	"CD007M.4"	"9"	"190.48599999999999"	"1.915"	"2.0739999999999998"	"15"	"0"	"190.48599999999999"	"1"	"1"	"stool"	"Denmark"	"no"	16302	"above"	16302	"old"
"D140"	"CD104I.4"	"12"	"150.68600000000001"	"1.87"	"1.712"	"15"	"0"	"150.68600000000001"	"1"	"2"	"stool"	"Denmark"	"no"	10742	"below"	10742	"old"
"D141"	"CD107N.2"	"12"	"174.94499999999999"	"1.8959999999999999"	"1.96"	"15"	"0"	"174.94499999999999"	"1"	"2"	"stool"	"Denmark"	"no"	5	"below"	5	"old"
"D142"	"CD107N.3"	"12"	"120.806"	"1.915"	"2.1269999999999998"	"15"	"0"	"120.806"	"1"	"2"	"stool"	"Denmark"	"no"	3043	"below"	3043	"old"
"D143"	"CD107N.4"	"12"	"228.733"	"1.889"	"2.1429999999999998"	"15"	"0"	"228.733"	"1"	"2"	"stool"	"Denmark"	"no"	14526	"above"	14526	"old"
"D144"	"Blank_12.2"	"12"	"1.3029999999999999"	"139.13999999999999"	"0.19700000000000001"	"15"	"0"	"1.3029999999999999"	"1"	"2"	"blank"	""	"no"	116	"below"	116	"old"
"D145"	"CD109Z.2"	"12"	"46.314999999999998"	"1.9259999999999999"	"1.7649999999999999"	"15"	"0"	"46.314999999999991"	"1"	"2"	"stool"	"Denmark"	"no"	36685	"above"	36685	"old"
"D146"	"CD109Z.3"	"12"	"205.44499999999999"	"1.899"	"2.1419999999999999"	"15"	"0"	"205.44499999999999"	"1"	"2"	"stool"	"Denmark"	"no"	11434	"below"	11434	"old"
"D147"	"CD109Z.4"	"12"	"158.911"	"1.8979999999999999"	"2.0920000000000001"	"15"	"0"	"158.911"	"1"	"2"	"stool"	"Denmark"	"no"	4610	"below"	4610	"old"
"D148"	"CD112N.2"	"12"	"38.378999999999998"	"1.92"	"1.98"	"15"	"0"	"38.378999999999998"	"1"	"2"	"stool"	"Denmark"	"no"	22697	"above"	22697	"old"
"D149"	"CD112N.3"	"12"	"115.598"	"1.915"	"2.1019999999999999"	"15"	"0"	"115.598"	"1"	"2"	"stool"	"Denmark"	"no"	8984	"below"	8984	"old"
"D15"	"CD008F.2"	"9"	"134.09299999999999"	"1.93"	"2.16"	"15"	"0"	"134.09299999999999"	"1"	"1"	"stool"	"Denmark"	"no"	7145	"below"	7145	"old"
"D150"	"CD112N.4"	"12"	"92.31"	"1.899"	"2.093"	"15"	"0"	"92.31"	"1"	"2"	"stool"	"Denmark"	"no"	6761	"below"	6761	"old"
"D151"	"CD114Z.2"	"12"	"102.334"	"1.91"	"2.1160000000000001"	"15"	"0"	"102.334"	"1"	"2"	"stool"	"Denmark"	"no"	12753	"above"	12753	"old"
"D152"	"CD114Z.3"	"12"	"101.232"	"1.9350000000000001"	"2.1120000000000001"	"15"	"0"	"101.232"	"1"	"2"	"stool"	"Denmark"	"no"	9002	"below"	9002	"old"
"D153"	"CB112N.4"	"7"	"57.237000000000002"	"1.8859999999999999"	"1.8340000000000001"	"5.2413648514073063"	"9.7586351485926937"	"20"	"1"	"2"	"stool"	"Bangladesh"	"yes"	26067	"above"	26067	"old"
"D154"	"CB117E.3"	"8"	"216.79599999999999"	"1.8839999999999999"	"2.1779999999999999"	"1.3837893688075427"	"13.616210631192457"	"20"	"1"	"2"	"stool"	"Bangladesh"	"yes"	16473	"above"	16473	"old"
"D155"	"CB131C.3"	"9"	"134.999"	"1.9"	"2.0379999999999998"	"2.2222386832495058"	"12.777761316750494"	"20"	"1"	"2"	"stool"	"Bangladesh"	"yes"	21318	"above"	21318	"old"
"D156"	"CD114Z.4"	"12"	"222.154"	"1.889"	"2.1"	"1.3504145772752236"	"13.649585422724776"	"20"	"1"	"2"	"stool"	"Denmark"	"yes"	20589	"above"	20589	"old"
"D157"	"CD118X.2"	"12"	"42.756999999999998"	"1.9159999999999999"	"2.0409999999999999"	"15"	"0"	"42.756999999999998"	"1"	"2"	"stool"	"Denmark"	"no"	27419	"above"	27419	"old"
"D158"	"CD118X.3"	"12"	"27.835000000000001"	"1.9179999999999999"	"1.6910000000000001"	"15"	"0"	"27.835000000000001"	"1"	"2"	"stool"	"Denmark"	"no"	23332	"above"	23332	"old"
"D159"	"CD118X.4"	"12"	"120.03"	"1.877"	"1.653"	"15"	"0"	"120.03"	"1"	"2"	"stool"	"Denmark"	"no"	8404	"below"	8404	"old"
"D16"	"CD008F.3"	"9"	"197.88800000000001"	"1.93"	"2.2050000000000001"	"15"	"0"	"197.88800000000001"	"1"	"1"	"stool"	"Denmark"	"no"	2272	"below"	2272	"old"
"D160"	"CD119Q.2"	"12"	"28.956"	"1.9850000000000001"	"1.9179999999999999"	"15"	"0"	"28.956"	"1"	"2"	"stool"	"Denmark"	"no"	28426	"above"	28426	"old"
"D161"	"CD119Q.3"	"12"	"40.39"	"2.0339999999999998"	"1.196"	"15"	"0"	"40.39"	"1"	"2"	"stool"	"Denmark"	"no"	10364	"below"	10364	"old"
"D162"	"CD119Q.4"	"12"	"120.104"	"1.9379999999999999"	"2.0390000000000001"	"15"	"0"	"120.104"	"1"	"2"	"stool"	"Denmark"	"no"	6963	"below"	6963	"old"
"D163"	"CD122E.2"	"12"	"87.522999999999996"	"1.897"	"2.0459999999999998"	"15"	"0"	"87.522999999999996"	"1"	"2"	"stool"	"Denmark"	"no"	28103	"above"	28103	"old"
"D164"	"CD122E.3"	"12"	"17.503"	"2.0489999999999999"	"1.425"	"15"	"0"	"17.503"	"1"	"2"	"stool"	"Denmark"	"no"	38163	"above"	38163	"old"
"D165"	"CD122E.4"	"12"	"176.339"	"1.8919999999999999"	"2.0529999999999999"	"15"	"0"	"176.339"	"1"	"2"	"stool"	"Denmark"	"no"	2703	"below"	2703	"old"
"D166"	"CD124Q.2"	"12"	"150.536"	"1.885"	"2.2650000000000001"	"15"	"0"	"150.536"	"1"	"2"	"stool"	"Denmark"	"no"	25025	"above"	25025	"old"
"D167"	"CD124Q.3"	"12"	"57.744999999999997"	"1.9410000000000001"	"2.073"	"15"	"0"	"57.744999999999997"	"1"	"2"	"stool"	"Denmark"	"no"	27412	"above"	27412	"old"
"D168"	"CD124Q.4"	"12"	"103.04900000000001"	"1.899"	"1.976"	"15"	"0"	"103.04900000000001"	"1"	"2"	"stool"	"Denmark"	"no"	23976	"above"	23976	"old"
"D169"	"CD126C.2"	"12"	"125.06399999999999"	"1.92"	"2.2029999999999998"	"15"	"0"	"125.06399999999999"	"1"	"2"	"stool"	"Denmark"	"no"	30816	"above"	30816	"old"
"D17"	"CD008F.4"	"9"	"217.42"	"1.891"	"2.0409999999999999"	"15"	"0"	"217.42"	"1"	"1"	"stool"	"Denmark"	"no"	3667	"below"	3667	"old"
"D170"	"CD126C.3"	"12"	"103.343"	"1.9630000000000001"	"2.0960000000000001"	"15"	"0"	"103.343"	"1"	"2"	"stool"	"Denmark"	"no"	10535	"below"	10535	"old"
"D171"	"CD126C.4"	"12"	"240.142"	"1.905"	"2.0880000000000001"	"14.991130247936638"	"8.8697520633616023E-3"	"240"	"1"	"2"	"stool"	"Denmark"	"no"	10030	"below"	10030	"old"
"D172"	"CD128O.2"	"12"	"115.45"	"1.92"	"2.1280000000000001"	"15"	"0"	"115.45"	"1"	"2"	"stool"	"Denmark"	"no"	9426	"below"	9426	"old"
"D173"	"CD128O.3"	"12"	"75.56"	"1.96"	"1.9359999999999999"	"15"	"0"	"75.56"	"1"	"2"	"stool"	"Denmark"	"no"	23136	"above"	23136	"old"
"D174"	"CD128O.4"	"12"	"174.32"	"1.901"	"2.1840000000000002"	"15"	"0"	"174.32"	"1"	"2"	"stool"	"Denmark"	"no"	18412	"above"	18412	"old"
"D175"	"Mock_13.1"	"13"	"3.492"	"2.1949999999999998"	"0.432"	"15"	"0"	"3.492"	"1"	"2"	"mock"	""	"no"	6886	"below"	6886	"old"
"D176"	"Blank_13.3"	"13"	"1.413"	"-18.058"	"0.19500000000000001"	"15"	"0"	"1.413"	"1"	"2"	"blank"	""	"no"	17	"below"	17	"old"
"D177"	"CD130J.2"	"13"	"27.134"	"2.0030000000000001"	"2.032"	"15"	"0"	"27.134"	"1"	"2"	"stool"	"Denmark"	"no"	41449	"above"	41449	"old"
"D178"	"CD130J.3"	"13"	"39.405000000000001"	"1.958"	"1.925"	"15"	"0"	"39.405000000000001"	"1"	"2"	"stool"	"Denmark"	"no"	43855	"above"	43855	"old"
"D179"	"CD130J.4"	"13"	"68.813999999999993"	"1.9279999999999999"	"1.4630000000000001"	"15"	"0"	"68.813999999999993"	"1"	"2"	"stool"	"Denmark"	"no"	16631	"above"	16631	"old"
"D18"	"CD010A.2"	"9"	"63.109000000000002"	"1.929"	"1.9910000000000001"	"15"	"0"	"63.109000000000002"	"1"	"1"	"stool"	"Denmark"	"no"	22673	"above"	22673	"old"
"D180"	"CD133O.2"	"13"	"162.946"	"1.9179999999999999"	"2.0470000000000002"	"15"	"0"	"162.946"	"1"	"2"	"stool"	"Denmark"	"no"	5807	"below"	5807	"old"
"D181"	"CD133O.3"	"13"	"188.54300000000001"	"1.93"	"2.0430000000000001"	"15"	"0"	"188.54300000000001"	"1"	"2"	"stool"	"Denmark"	"no"	16906	"above"	16906	"old"
"D182"	"CD133O.4"	"13"	"183.77199999999999"	"1.925"	"2.12"	"15"	"0"	"183.77199999999999"	"1"	"2"	"stool"	"Denmark"	"no"	8505	"below"	8505	"old"
"D183"	"CD137M.2"	"13"	"62.868000000000002"	"1.901"	"2.0590000000000002"	"15"	"0"	"62.868000000000002"	"1"	"2"	"stool"	"Denmark"	"no"	27997	"above"	27997	"old"
"D184"	"CD137M.3"	"13"	"42.545000000000002"	"1.9510000000000001"	"1.9259999999999999"	"15"	"0"	"42.545000000000002"	"1"	"2"	"stool"	"Denmark"	"no"	31568	"above"	31568	"old"
"D185"	"CD137M.4"	"13"	"193.363"	"1.915"	"2.121"	"15"	"0"	"193.363"	"1"	"2"	"stool"	"Denmark"	"no"	43786	"above"	43786	"old"
"D186"	"CD139Y.2"	"13"	"20.361000000000001"	"2.1040000000000001"	"1.7330000000000001"	"15"	"0"	"20.361000000000001"	"1"	"2"	"stool"	"Denmark"	"no"	31368	"above"	31368	"old"
"D187"	"CD139Y.3"	"13"	"245.488"	"1.9"	"2.15"	"14.664667926741837"	"0.33533207325816328"	"240"	"1"	"2"	"stool"	"Denmark"	"no"	23810	"above"	23810	"old"
"D188"	"CD139Y.4"	"13"	"105.738"	"1.9419999999999999"	"2.0590000000000002"	"15"	"0"	"105.738"	"1"	"2"	"stool"	"Denmark"	"no"	18621	"above"	18621	"old"
"D189"	"CD140A.2"	"13"	"11.378"	"2.6789999999999998"	"1.1639999999999999"	"15"	"0"	"11.378000000000002"	"1"	"2"	"stool"	"Denmark"	"no"	37000	"above"	37000	"old"
"D19"	"CD010A.3"	"9"	"103.40600000000001"	"1.9390000000000001"	"2.0009999999999999"	"15"	"0"	"103.40600000000001"	"1"	"1"	"stool"	"Denmark"	"no"	7104	"below"	7104	"old"
"D190"	"CD140A.3"	"13"	"49.406999999999996"	"2.004"	"1.9319999999999999"	"15"	"0"	"49.406999999999996"	"1"	"2"	"stool"	"Denmark"	"no"	22354	"above"	22354	"old"
"D191"	"CD140A.4"	"13"	"6.3209999999999997"	"2.3849999999999998"	"0.76900000000000002"	"15"	"0"	"6.3209999999999997"	"1"	"2"	"stool"	"Denmark"	"no"	15628	"above"	15628	"old"
"D193"	"CD144Y.2"	"13"	"72.546999999999997"	"1.9279999999999999"	"2.0070000000000001"	"15"	"0"	"72.546999999999997"	"1"	"3"	"stool"	"Denmark"	"no"	75248	"above"	75248	"old"
"D194"	"CD144Y.3"	"13"	"171.46199999999999"	"1.93"	"2.109"	"15"	"0"	"171.46199999999999"	"1"	"3"	"stool"	"Denmark"	"no"	30538	"above"	30538	"old"
"D195"	"CD144Y.4"	"13"	"66.558999999999997"	"1.9419999999999999"	"1.956"	"15"	"0"	"66.558999999999997"	"1"	"3"	"stool"	"Denmark"	"no"	59813	"above"	59813	"old"
"D196"	"CD146K.2"	"13"	"40.988"	"2.0529999999999999"	"1.7"	"15"	"0"	"40.987999999999992"	"1"	"3"	"stool"	"Denmark"	"no"	40306	"above"	40306	"old"
"D197"	"CD146K.3"	"13"	"38.881999999999998"	"2.032"	"1.7050000000000001"	"15"	"0"	"38.881999999999998"	"1"	"3"	"stool"	"Denmark"	"no"	39510	"above"	39510	"old"
"D198"	"CD146K.4"	"13"	"208.91200000000001"	"1.91"	"2.1139999999999999"	"15"	"0"	"208.91200000000001"	"1"	"3"	"stool"	"Denmark"	"no"	12797	"above"	12797	"old"
"D199"	"Mock_14.1"	"14"	"5.4039999999999999"	"1.6779999999999999"	"0.88600000000000001"	"15"	"0"	"5.4039999999999999"	"1"	"3"	"mock"	""	"no"	42896	"above"	42896	"old"
"D2"	"Blank_9.2"	"9"	"1.5429999999999999"	"-13.151"	"0.30399999999999999"	"15"	"0"	"1.5429999999999999"	"1"	"1"	"blank"	""	"no"	66	"below"	66	"old"
"D20"	"CD010A.4"	"9"	"181.602"	"1.9159999999999999"	"2.0059999999999998"	"15"	"0"	"181.602"	"1"	"1"	"stool"	"Denmark"	"no"	12007	"below"	12007	"old"
"D200"	"CD149P.2"	"14"	"83.236999999999995"	"1.883"	"2.0699999999999998"	"15"	"0"	"83.236999999999995"	"1"	"3"	"stool"	"Denmark"	"no"	14967	"above"	14967	"old"
"D201"	"CD149P.3"	"14"	"48.319000000000003"	"1.8979999999999999"	"2.0950000000000002"	"15"	"0"	"48.319000000000003"	"1"	"3"	"stool"	"Denmark"	"no"	56887	"above"	56887	"old"
"D202"	"CD149P.4"	"14"	"118.81699999999999"	"1.869"	"1.8180000000000001"	"15"	"0"	"118.81699999999999"	"1"	"3"	"stool"	"Denmark"	"no"	25231	"above"	25231	"old"
"D203"	"CD150R.2"	"14"	"50.774999999999999"	"1.833"	"1.798"	"15"	"0"	"50.774999999999999"	"1"	"3"	"stool"	"Denmark"	"no"	16909	"above"	16909	"old"
"D204"	"CD150R.3"	"14"	"9.7230000000000008"	"1.702"	"1.4019999999999999"	"15"	"0"	"9.7230000000000008"	"1"	"3"	"stool"	"Denmark"	"no"	33660	"above"	33660	"old"
"D205"	"CD150R.4"	"14"	"96.876999999999995"	"1.839"	"2.0950000000000002"	"15"	"0"	"96.876999999999995"	"1"	"3"	"stool"	"Denmark"	"no"	25802	"above"	25802	"old"
"D206"	"CD157U.2"	"14"	"69.322000000000003"	"1.8480000000000001"	"1.978"	"15"	"0"	"69.321999999999989"	"1"	"3"	"stool"	"Denmark"	"no"	34875	"above"	34875	"old"
"D207"	"CD157U.3"	"14"	"74.14"	"1.861"	"2.161"	"15"	"0"	"74.14"	"1"	"3"	"stool"	"Denmark"	"no"	32179	"above"	32179	"old"
"D208"	"CD157U.4"	"14"	"83.888000000000005"	"1.849"	"2.0710000000000002"	"15"	"0"	"83.888000000000005"	"1"	"3"	"stool"	"Denmark"	"no"	8998	"below"	8998	"old"
"D209"	"CD159G.2"	"14"	"38.880000000000003"	"1.8859999999999999"	"1.8320000000000001"	"15"	"0"	"38.880000000000003"	"1"	"3"	"stool"	"Denmark"	"no"	43728	"above"	43728	"old"
"D21"	"CD014Y.2"	"9"	"23.734999999999999"	"2.1760000000000002"	"1.762"	"15"	"0"	"23.734999999999999"	"1"	"1"	"stool"	"Denmark"	"no"	36776	"above"	36776	"old"
"D210"	"CD159G.3"	"14"	"35.722000000000001"	"1.87"	"1.8220000000000001"	"15"	"0"	"35.722000000000001"	"1"	"3"	"stool"	"Denmark"	"no"	22044	"above"	22044	"old"
"D211"	"CD159G.4"	"14"	"182.285"	"1.881"	"2.14"	"15"	"0"	"182.285"	"1"	"3"	"stool"	"Denmark"	"no"	13104	"above"	13104	"old"
"D212"	"CD168E.2"	"14"	"110.498"	"1.891"	"2.1880000000000002"	"15"	"0"	"110.498"	"1"	"3"	"stool"	"Denmark"	"no"	9930	"below"	9930	"old"
"D213"	"CD168E.3"	"14"	"35.502000000000002"	"1.895"	"1.95"	"15"	"0"	"35.502000000000002"	"1"	"3"	"stool"	"Denmark"	"no"	29721	"above"	29708	"old"
"D214"	"CD168E.4"	"14"	"94.274000000000001"	"1.8260000000000001"	"2.1110000000000002"	"15"	"0"	"94.274000000000015"	"1"	"3"	"stool"	"Denmark"	"no"	52456	"above"	52456	"old"
"D215"	"CD170Z.2"	"14"	"57.518000000000001"	"1.8640000000000001"	"1.9570000000000001"	"15"	"0"	"57.518000000000001"	"1"	"3"	"stool"	"Denmark"	"no"	17611	"above"	17611	"old"
"D216"	"CD170Z.3"	"14"	"152.93299999999999"	"1.8759999999999999"	"2.1379999999999999"	"15"	"0"	"152.93299999999999"	"1"	"3"	"stool"	"Denmark"	"no"	6434	"below"	6434	"old"
"D217"	"CD170Z.4"	"14"	"231.63900000000001"	"1.88"	"2.036"	"15"	"0"	"231.63900000000001"	"1"	"3"	"stool"	"Denmark"	"no"	10523	"below"	10523	"old"
"D218"	"Blank_14.2"	"14"	"1.99"	"1.8009999999999999"	"0.33200000000000002"	"15"	"0"	"1.99"	"1"	"3"	"blank"	""	"no"	301	"below"	285	"old"
"D219"	"CD171S.2"	"14"	"95.168000000000006"	"1.883"	"2.0550000000000002"	"15"	"0"	"95.167999999999992"	"1"	"3"	"stool"	"Denmark"	"no"	33322	"above"	33322	"old"
"D22"	"CD014Y.3"	"9"	"43.179000000000002"	"2.052"	"1.909"	"15"	"0"	"43.179000000000002"	"1"	"1"	"stool"	"Denmark"	"no"	27501	"above"	27501	"old"
"D220"	"CD171S.3"	"14"	"43.488999999999997"	"1.8779999999999999"	"1.909"	"15"	"0"	"43.488999999999997"	"1"	"3"	"stool"	"Denmark"	"no"	18405	"above"	18405	"old"
"D221"	"CD171S.4"	"14"	"192.74799999999999"	"1.865"	"1.972"	"15"	"0"	"192.74799999999999"	"1"	"3"	"stool"	"Denmark"	"no"	14724	"above"	14724	"old"
"D222"	"CD172L.2"	"14"	"124.61199999999999"	"1.857"	"2.044"	"15"	"0"	"124.61199999999999"	"1"	"3"	"stool"	"Denmark"	"no"	14213	"above"	14213	"old"
"D223"	"CD172L.3"	"14"	"169.02600000000001"	"1.8819999999999999"	"2.0990000000000002"	"15"	"0"	"169.02600000000001"	"1"	"3"	"stool"	"Denmark"	"no"	9780	"below"	9780	"old"
"D224"	"CD172L.4"	"14"	"127.273"	"1.8759999999999999"	"2.024"	"15"	"0"	"127.273"	"1"	"3"	"stool"	"Denmark"	"no"	17736	"above"	17736	"old"
"D225"	"CD176J.2"	"14"	"7.883"	"1.718"	"0.98099999999999998"	"15"	"0"	"7.883"	"1"	"3"	"stool"	"Denmark"	"no"	42812	"above"	42812	"old"
"D226"	"CD176J.3"	"14"	"51.651000000000003"	"1.9370000000000001"	"1.952"	"15"	"0"	"51.651000000000003"	"1"	"3"	"stool"	"Denmark"	"no"	21629	"above"	21629	"old"
"D227"	"CD176J.4"	"14"	"102.91500000000001"	"1.8560000000000001"	"2.0049999999999999"	"15"	"0"	"102.91500000000001"	"1"	"3"	"stool"	"Denmark"	"no"	52370	"above"	52370	"old"
"D228"	"CD177C.2"	"14"	"108.688"	"1.9219999999999999"	"2.0819999999999999"	"15"	"0"	"108.688"	"1"	"3"	"stool"	"Denmark"	"no"	13867	"above"	13867	"old"
"D229"	"CD177C.3"	"14"	"72.076999999999998"	"1.9"	"2.0409999999999999"	"15"	"0"	"72.076999999999998"	"1"	"3"	"stool"	"Denmark"	"no"	26353	"above"	26353	"old"
"D23"	"CD014Y.4"	"9"	"1.8340000000000001"	"-1.823"	"0.33600000000000002"	"15"	"0"	"1.8340000000000001"	"1"	"1"	"stool"	"Denmark"	"no"	15247	"above"	11175	"old"
"D230"	"CD177C.4"	"14"	"195.649"	"1.8759999999999999"	"1.9990000000000001"	"15"	"0"	"195.649"	"1"	"3"	"stool"	"Denmark"	"no"	9526	"below"	9526	"old"
"D231"	"CD182C.2"	"14"	"139.19900000000001"	"1.9079999999999999"	"2.1240000000000001"	"15"	"0"	"139.19900000000001"	"1"	"3"	"stool"	"Denmark"	"no"	14668	"above"	14666	"old"
"D232"	"CD182C.3"	"14"	"144.81200000000001"	"1.91"	"2.173"	"15"	"0"	"144.81200000000001"	"1"	"3"	"stool"	"Denmark"	"no"	32572	"above"	32572	"old"
"D233"	"CD182C.4"	"14"	"74.852000000000004"	"1.883"	"2.0710000000000002"	"15"	"0"	"74.852000000000004"	"1"	"3"	"stool"	"Denmark"	"no"	19850	"above"	19850	"old"
"D234"	"CD183V.2"	"14"	"48.8"	"1.883"	"1.9"	"15"	"0"	"48.8"	"1"	"3"	"stool"	"Denmark"	"no"	31308	"above"	31308	"old"
"D235"	"CD183V.3"	"14"	"37.56"	"1.87"	"1.7450000000000001"	"15"	"0"	"37.560000000000009"	"1"	"3"	"stool"	"Denmark"	"no"	24702	"above"	24702	"old"
"D236"	"CD183V.4"	"14"	"27.635999999999999"	"1.879"	"1.42"	"15"	"0"	"27.635999999999999"	"1"	"3"	"stool"	"Denmark"	"no"	10891	"below"	10891	"old"
"D237"	"CD188M.2"	"14"	"60.561999999999998"	"1.962"	"1.9039999999999999"	"15"	"0"	"60.561999999999998"	"1"	"3"	"stool"	"Denmark"	"no"	13210	"above"	13210	"old"
"D238"	"CD188M.3"	"14"	"80.951999999999998"	"1.9359999999999999"	"2.0990000000000002"	"15"	"0"	"80.951999999999998"	"1"	"3"	"stool"	"Denmark"	"no"	24934	"above"	24934	"old"
"D239"	"CD188M.4"	"14"	"8.33"	"2.371"	"0.93"	"15"	"0"	"8.33"	"1"	"3"	"stool"	"Denmark"	"no"	27469	"above"	27457	"old"
"D24"	"CD018W.2"	"9"	"102.035"	"1.96"	"2.1920000000000002"	"15"	"0"	"102.035"	"1"	"1"	"stool"	"Denmark"	"no"	13856	"above"	13856	"old"
"D240"	"CD189F.2"	"14"	"160.58500000000001"	"1.9119999999999999"	"2.1890000000000001"	"15"	"0"	"160.58500000000001"	"1"	"3"	"stool"	"Denmark"	"no"	202	"below"	202	"old"
"D241"	"CD189F.3"	"14"	"45.241"	"1.9179999999999999"	"2.0219999999999998"	"15"	"0"	"45.241"	"1"	"3"	"stool"	"Denmark"	"no"	20931	"above"	20931	"old"
"D242"	"CD189F.4"	"14"	"92.238"	"1.8959999999999999"	"1.931"	"15"	"0"	"92.238"	"1"	"3"	"stool"	"Denmark"	"no"	10668	"below"	10668	"old"
"D243"	"CD190H.2"	"14"	"35.448"	"1.9239999999999999"	"1.893"	"15"	"0"	"35.448"	"1"	"3"	"stool"	"Denmark"	"no"	38646	"above"	38646	"old"
"D244"	"CD190H.3"	"14"	"83.385000000000005"	"1.944"	"2.0840000000000001"	"15"	"0"	"83.385000000000005"	"1"	"3"	"stool"	"Denmark"	"no"	18012	"above"	18012	"old"
"D245"	"CD190H.4"	"14"	"23.396000000000001"	"1.9950000000000001"	"1.6579999999999999"	"15"	"0"	"23.396000000000001"	"1"	"3"	"stool"	"Denmark"	"no"	24240	"above"	24228	"old"
"D246"	"Mock_15.1"	"15"	"2.927"	"1.865"	"0.83499999999999996"	"15"	"0"	"2.927"	"1"	"3"	"mock"	""	"no"	25378	"above"	25378	"old"
"D247"	"CD191A.2"	"15"	"8.32"	"1.863"	"1.542"	"15"	"0"	"8.32"	"1"	"3"	"stool"	"Denmark"	"no"	69237	"above"	69237	"old"
"D248"	"CD191A.3"	"15"	"36.121000000000002"	"1.8340000000000001"	"2.1259999999999999"	"15"	"0"	"36.121000000000002"	"1"	"3"	"stool"	"Denmark"	"no"	75724	"above"	75724	"old"
"D249"	"CD191A.4"	"15"	"69.650000000000006"	"1.863"	"2.141"	"15"	"0"	"69.650000000000006"	"1"	"3"	"stool"	"Denmark"	"no"	33972	"above"	33972	"old"
"D25"	"CD018W.3"	"9"	"103.577"	"1.9379999999999999"	"2.1309999999999998"	"15"	"0"	"103.577"	"1"	"1"	"stool"	"Denmark"	"no"	19484	"above"	19484	"old"
"D250"	"CD199W.2"	"15"	"79.099999999999994"	"1.89"	"2.0070000000000001"	"15"	"0"	"79.099999999999994"	"1"	"3"	"stool"	"Denmark"	"no"	22840	"above"	22840	"old"
"D251"	"CD199W.3"	"15"	"60.887999999999998"	"1.891"	"2.0840000000000001"	"15"	"0"	"60.887999999999998"	"1"	"3"	"stool"	"Denmark"	"no"	16616	"above"	16616	"old"
"D252"	"CD199W.4"	"15"	"74.263000000000005"	"1.89"	"2.117"	"15"	"0"	"74.263000000000005"	"1"	"3"	"stool"	"Denmark"	"no"	26774	"above"	26774	"old"
"D253"	"CD201E.2"	"15"	"47.920999999999999"	"1.8879999999999999"	"1.921"	"15"	"0"	"47.920999999999999"	"1"	"3"	"stool"	"Denmark"	"no"	34801	"above"	34801	"old"
"D254"	"CD201E.3"	"15"	"70.206999999999994"	"1.871"	"2.161"	"15"	"0"	"70.207000000000008"	"1"	"3"	"stool"	"Denmark"	"no"	20627	"above"	20627	"old"
"D255"	"CD201E.4"	"15"	"143.67500000000001"	"1.895"	"2.1789999999999998"	"15"	"0"	"143.67500000000001"	"1"	"3"	"stool"	"Denmark"	"no"	13757	"above"	13757	"old"
"D256"	"CD206V.2"	"15"	"79.308000000000007"	"1.907"	"2.1619999999999999"	"15"	"0"	"79.308000000000007"	"1"	"3"	"stool"	"Denmark"	"no"	16807	"above"	16807	"old"
"D257"	"CD206V.3"	"15"	"128.56100000000001"	"1.9039999999999999"	"2.1859999999999999"	"15"	"0"	"128.56100000000001"	"1"	"3"	"stool"	"Denmark"	"no"	21097	"above"	21097	"old"
"D258"	"CD206V.4"	"15"	"150.77600000000001"	"1.889"	"2.0419999999999998"	"15"	"0"	"150.77600000000001"	"1"	"3"	"stool"	"Denmark"	"no"	618	"below"	618	"old"
"D259"	"CD207O.2"	"15"	"113.90900000000001"	"1.901"	"2.1880000000000002"	"15"	"0"	"113.90900000000001"	"1"	"3"	"stool"	"Denmark"	"no"	3784	"below"	3784	"old"
"D26"	"CD018W.4"	"9"	"170.67"	"1.885"	"1.9930000000000001"	"15"	"0"	"170.67"	"1"	"1"	"stool"	"Denmark"	"no"	11282	"below"	11282	"old"
"D260"	"CD207O.3"	"15"	"130.73099999999999"	"1.909"	"2.1339999999999999"	"15"	"0"	"130.73099999999999"	"1"	"3"	"stool"	"Denmark"	"no"	8038	"below"	8038	"old"
"D261"	"CD207O.4"	"15"	"27.859000000000002"	"1.8640000000000001"	"1.4279999999999999"	"15"	"0"	"27.859000000000002"	"1"	"3"	"stool"	"Denmark"	"no"	27003	"above"	27003	"old"
"D262"	"CD210C.2"	"15"	"130.892"	"1.9"	"2.161"	"15"	"0"	"130.892"	"1"	"3"	"stool"	"Denmark"	"no"	17377	"above"	17377	"old"
"D263"	"CD210C.3"	"15"	"207.56399999999999"	"1.897"	"2.2130000000000001"	"15"	"0"	"207.56399999999999"	"1"	"3"	"stool"	"Denmark"	"no"	12326	"above"	12326	"old"
"D264"	"CD210C.4"	"15"	"135.92099999999999"	"1.8740000000000001"	"2.1859999999999999"	"15"	"0"	"135.92099999999999"	"1"	"3"	"stool"	"Denmark"	"no"	52484	"above"	52484	"old"
"D265"	"Blank_15.2"	"15"	"1.19"	"1.37"	"0.30099999999999999"	"15"	"0"	"1.19"	"1"	"3"	"blank"	""	"no"	13	"below"	13	"old"
"D266"	"CD211V.2"	"15"	"113.208"	"1.891"	"2.1579999999999999"	"15"	"0"	"113.208"	"1"	"3"	"stool"	"Denmark"	"no"	13125	"above"	13125	"old"
"D267"	"CD211V.3"	"15"	"67.873999999999995"	"1.921"	"2.028"	"15"	"0"	"67.873999999999995"	"1"	"3"	"stool"	"Denmark"	"no"	19957	"above"	19957	"old"
"D268"	"CD211V.4"	"15"	"117.996"	"1.9370000000000001"	"2.153"	"15"	"0"	"117.996"	"1"	"3"	"stool"	"Denmark"	"no"	13433	"above"	13431	"old"
"D269"	"CD216M.2"	"15"	"115.07"	"1.9330000000000001"	"2.1989999999999998"	"15"	"0"	"115.07"	"1"	"3"	"stool"	"Denmark"	"no"	5326	"below"	5324	"old"
"D27"	"CD025I.2"	"9"	"13.337"	"2.738"	"1.095"	"15"	"0"	"13.337"	"1"	"1"	"stool"	"Denmark"	"no"	17811	"above"	17811	"old"
"D270"	"CD216M.3"	"15"	"87.61"	"1.94"	"2.089"	"15"	"0"	"87.61"	"1"	"3"	"stool"	"Denmark"	"no"	6602	"below"	6602	"old"
"D271"	"CD216M.4"	"15"	"84.138999999999996"	"1.9019999999999999"	"2.0350000000000001"	"15"	"0"	"84.138999999999996"	"1"	"3"	"stool"	"Denmark"	"no"	28979	"above"	28958	"old"
"D272"	"CD223Y.2"	"15"	"133.12100000000001"	"1.9219999999999999"	"2.1970000000000001"	"15"	"0"	"133.12100000000001"	"1"	"3"	"stool"	"Denmark"	"no"	19460	"above"	19443	"old"
"D273"	"CD223Y.3"	"15"	"64.902000000000001"	"1.9610000000000001"	"2.149"	"15"	"0"	"64.902000000000001"	"1"	"3"	"stool"	"Denmark"	"no"	25648	"above"	25646	"old"
"D274"	"CD223Y.4"	"15"	"91.606999999999999"	"1.9470000000000001"	"2.117"	"15"	"0"	"91.606999999999999"	"1"	"3"	"stool"	"Denmark"	"no"	47023	"above"	47023	"old"
"D275"	"CD224R.2"	"15"	"160.262"	"1.905"	"2.2370000000000001"	"15"	"0"	"160.262"	"1"	"3"	"stool"	"Denmark"	"no"	29757	"above"	29757	"old"
"D276"	"CD224R.3"	"15"	"117.22199999999999"	"1.94"	"2.1349999999999998"	"15"	"0"	"117.22199999999999"	"1"	"3"	"stool"	"Denmark"	"no"	11421	"below"	11421	"old"
"D277"	"CD224R.4"	"15"	"135.911"	"1.919"	"2.1160000000000001"	"15"	"0"	"135.911"	"1"	"3"	"stool"	"Denmark"	"no"	17252	"above"	17252	"old"
"D278"	"CD238G.2"	"15"	"47.37"	"1.944"	"2.0950000000000002"	"15"	"0"	"47.37"	"1"	"3"	"stool"	"Denmark"	"no"	47943	"above"	47943	"old"
"D279"	"CD238G.3"	"15"	"154.291"	"1.925"	"2.2029999999999998"	"15"	"0"	"154.291"	"1"	"3"	"stool"	"Denmark"	"no"	12202	"above"	12202	"old"
"D28"	"CD025I.3"	"9"	"15.794"	"2.52"	"1.2490000000000001"	"15"	"0"	"15.794"	"1"	"1"	"stool"	"Denmark"	"no"	4533	"below"	4533	"old"
"D280"	"CD238G.4"	"15"	"184.953"	"1.921"	"2.165"	"1.6220337058604077"	"13.377966294139592"	"20"	"1"	"3"	"stool"	"Denmark"	"yes"	28951	"above"	28951	"old"
"D281"	"CD245S.2"	"15"	"37.305999999999997"	"1.923"	"1.978"	"15"	"0"	"37.305999999999997"	"1"	"3"	"stool"	"Denmark"	"no"	123521	"above"	123521	"old"
"D282"	"CD245S.3"	"15"	"62.793999999999997"	"1.913"	"2.19"	"15"	"0"	"62.793999999999997"	"1"	"3"	"stool"	"Denmark"	"no"	46076	"above"	46076	"old"
"D283"	"CD245S.4"	"15"	"63.316000000000003"	"1.9610000000000001"	"2.1019999999999999"	"15"	"0"	"63.316000000000003"	"1"	"3"	"stool"	"Denmark"	"no"	37191	"above"	37191	"old"
"D284"	"CD250S.2"	"15"	"53.49"	"1.96"	"2.0219999999999998"	"15"	"0"	"53.49"	"1"	"3"	"stool"	"Denmark"	"no"	82115	"above"	82115	"old"
"D285"	"CD250S.3"	"15"	"186.86099999999999"	"1.899"	"2.097"	"15"	"0"	"186.86099999999999"	"1"	"3"	"stool"	"Denmark"	"no"	36037	"above"	36037	"old"
"D286"	"CD250S.4"	"15"	"61.029000000000003"	"1.94"	"1.337"	"15"	"0"	"61.029000000000003"	"1"	"3"	"stool"	"Denmark"	"no"	57012	"above"	57012	"old"
"D287"	"Blank_15.1"	"15"	"2.081"	"4.9329999999999998"	"0.59899999999999998"	"15"	"0"	"2.081"	"1"	"3"	"blank"	""	"no"	113	"below"	113	"old"
"D289"	"CD257V.2x"	"24"	"18.553999999999998"	"2.2869999999999999"	"2.0350000000000001"	"15"	"0"	"18.553999999999998"	"1"	"4"	"stool"	"Denmark"	"no"	13959	"above"	13959	"new"
"D29"	"CD025I.4"	"9"	"23.640999999999998"	"2.2410000000000001"	"1.4239999999999999"	"15"	"0"	"23.640999999999998"	"1"	"1"	"stool"	"Denmark"	"no"	20282	"above"	20282	"old"
"D290"	"CD257V.3"	"15"	"122.657"	"1.948"	"2.2250000000000001"	"15"	"0"	"122.657"	"1"	"4"	"stool"	"Denmark"	"no"	12793	"above"	12793	"old"
"D291"	"CD257V.4"	"15"	"125.5"	"1.9370000000000001"	"2.1669999999999998"	"15"	"0"	"125.5"	"1"	"4"	"stool"	"Denmark"	"no"	19230	"above"	19230	"old"
"D292"	"CD258O.2"	"15"	"184.876"	"1.9279999999999999"	"2.2000000000000002"	"15"	"0"	"184.876"	"1"	"4"	"stool"	"Denmark"	"no"	5634	"below"	5634	"old"
"D293"	"CD258O.3"	"15"	"59.899000000000001"	"1.98"	"2.097"	"15"	"0"	"59.899000000000001"	"1"	"4"	"stool"	"Denmark"	"no"	15635	"above"	15635	"old"
"D294"	"CD258O.4"	"15"	"187.93299999999999"	"1.9219999999999999"	"1.9239999999999999"	"15"	"0"	"187.93299999999999"	"1"	"4"	"stool"	"Denmark"	"no"	9761	"below"	9761	"old"
"D295"	"Mock_16.1"	"16"	"4.1909999999999998"	"2.879"	"0.95899999999999996"	"15"	"0"	"4.1909999999999998"	"1"	"4"	"mock"	""	"no"	27665	"above"	27665	"old"
"D296"	"CD259H.2"	"16"	"34.478000000000002"	"1.91"	"2.194"	"15"	"0"	"34.478000000000002"	"1"	"4"	"stool"	"Denmark"	"no"	35900	"above"	35900	"old"
"D297"	"CD259H.3"	"16"	"63.064999999999998"	"1.9379999999999999"	"2.1480000000000001"	"15"	"0"	"63.064999999999991"	"1"	"4"	"stool"	"Denmark"	"no"	25020	"above"	25020	"old"
"D298"	"CD259H.4"	"16"	"72.808999999999997"	"1.972"	"2.069"	"15"	"0"	"72.808999999999997"	"1"	"4"	"stool"	"Denmark"	"no"	23739	"above"	23739	"old"
"D299"	"CD261C.2"	"16"	"15.162000000000001"	"2.0859999999999999"	"1.2649999999999999"	"15"	"0"	"15.162000000000001"	"1"	"4"	"stool"	"Denmark"	"no"	31807	"above"	31807	"old"
"D3"	"CD003O.2"	"9"	"31.030999999999999"	"1.95"	"1.9890000000000001"	"15"	"0"	"31.030999999999999"	"1"	"1"	"stool"	"Denmark"	"no"	15334	"above"	15334	"old"
"D30"	"Mock_10.1"	"10"	"4.4569999999999999"	"2.6269999999999998"	"0.65600000000000003"	"15"	"0"	"4.4569999999999999"	"1"	"1"	"mock"	""	"no"	39579	"above"	39579	"old"
"D300"	"CD261C.3"	"16"	"50.116"	"1.9470000000000001"	"2.0449999999999999"	"15"	"0"	"50.116"	"1"	"4"	"stool"	"Denmark"	"no"	20040	"above"	20040	"old"
"D301"	"CD261C.4"	"16"	"56.511000000000003"	"1.9179999999999999"	"2.0529999999999999"	"15"	"0"	"56.511000000000003"	"1"	"4"	"stool"	"Denmark"	"no"	29344	"above"	29069	"old"
"D302"	"CD271T.2"	"16"	"21.498999999999999"	"2.0449999999999999"	"1.9419999999999999"	"15"	"0"	"21.498999999999999"	"1"	"4"	"stool"	"Denmark"	"no"	32680	"above"	32680	"old"
"D303"	"CD271T.3"	"16"	"17.811"	"2.073"	"1.879"	"15"	"0"	"17.811"	"1"	"4"	"stool"	"Denmark"	"no"	35225	"above"	35225	"old"
"D304"	"CD271T.4"	"16"	"125.971"	"1.901"	"2.004"	"15"	"0"	"125.971"	"1"	"4"	"stool"	"Denmark"	"no"	43421	"above"	43421	"old"
"D305"	"CD273F.2"	"16"	"96.623999999999995"	"1.913"	"2.1720000000000002"	"15"	"0"	"96.623999999999995"	"1"	"4"	"stool"	"Denmark"	"no"	63989	"above"	63989	"old"
"D306"	"CD273F.3"	"16"	"114.474"	"1.8919999999999999"	"2.2120000000000002"	"15"	"0"	"114.474"	"1"	"4"	"stool"	"Denmark"	"no"	34559	"above"	34559	"old"
"D307"	"CD273F.4"	"16"	"39.594999999999999"	"2.077"	"1.871"	"15"	"0"	"39.594999999999999"	"1"	"4"	"stool"	"Denmark"	"no"	29093	"above"	29093	"old"
"D308"	"CD276K.2"	"16"	"77.575999999999993"	"1.9259999999999999"	"2.0619999999999998"	"15"	"0"	"77.575999999999993"	"1"	"4"	"stool"	"Denmark"	"no"	26203	"above"	26203	"old"
"D309"	"CD276K.3"	"16"	"84.733999999999995"	"1.9139999999999999"	"2.1640000000000001"	"15"	"0"	"84.733999999999995"	"1"	"4"	"stool"	"Denmark"	"no"	18889	"above"	18889	"old"
"D31"	"CD029G.2"	"10"	"63.685000000000002"	"1.913"	"1.9330000000000001"	"15"	"0"	"63.685000000000009"	"1"	"1"	"stool"	"Denmark"	"no"	52681	"above"	52681	"old"
"D310"	"CD276K.4"	"16"	"140.55799999999999"	"1.873"	"1.6519999999999999"	"15"	"0"	"140.55799999999999"	"1"	"4"	"stool"	"Denmark"	"no"	16549	"above"	16549	"old"
"D311"	"CD279P.2"	"16"	"65.738"	"1.944"	"2.0910000000000002"	"15"	"0"	"65.738"	"1"	"4"	"stool"	"Denmark"	"no"	12104	"above"	12104	"old"
"D312"	"CD279P.3"	"16"	"98.491"	"1.9019999999999999"	"2.2149999999999999"	"15"	"0"	"98.491"	"1"	"4"	"stool"	"Denmark"	"no"	21965	"above"	21965	"old"
"D313"	"CD279P.4"	"16"	"67.650999999999996"	"1.88"	"2.0680000000000001"	"15"	"0"	"67.650999999999996"	"1"	"4"	"stool"	"Denmark"	"no"	56842	"above"	56842	"old"
"D314"	"Blank_16.2"	"16"	"1.7090000000000001"	"6.2249999999999996"	"0.53300000000000003"	"15"	"0"	"1.7090000000000001"	"1"	"4"	"blank"	""	"no"	12094	"below"	12091	"old"
"D315"	"CD280R.2"	"16"	"93.941000000000003"	"1.9039999999999999"	"2.0459999999999998"	"15"	"0"	"93.941000000000003"	"1"	"4"	"stool"	"Denmark"	"no"	28764	"above"	28764	"old"
"D316"	"CD280R.3"	"16"	"43.301000000000002"	"1.893"	"2.1640000000000001"	"15"	"0"	"43.301000000000002"	"1"	"4"	"stool"	"Denmark"	"no"	76583	"above"	76583	"old"
"D317"	"CD280R.4"	"16"	"101.36"	"1.907"	"2.137"	"15"	"0"	"101.36"	"1"	"4"	"stool"	"Denmark"	"no"	21757	"above"	21757	"old"
"D318"	"CD281K.2"	"16"	"98.894000000000005"	"1.859"	"2.29"	"15"	"0"	"98.894000000000005"	"1"	"4"	"stool"	"Denmark"	"no"	25221	"above"	25221	"old"
"D319"	"CD281K.3"	"16"	"47.024999999999999"	"1.8720000000000001"	"2.1720000000000002"	"15"	"0"	"47.024999999999999"	"1"	"4"	"stool"	"Denmark"	"no"	53559	"above"	53559	"old"
"D32"	"CD029G.3"	"10"	"57.680999999999997"	"1.9219999999999999"	"1.9159999999999999"	"15"	"0"	"57.680999999999997"	"1"	"1"	"stool"	"Denmark"	"no"	15633	"above"	15633	"old"
"D320"	"CD281K.4"	"16"	"50.963999999999999"	"1.873"	"2.0750000000000002"	"15"	"0"	"50.964000000000006"	"1"	"4"	"stool"	"Denmark"	"no"	24750	"above"	24750	"old"
"D321"	"CD284P.2"	"16"	"62.844999999999999"	"1.8720000000000001"	"2.27"	"15"	"0"	"62.844999999999999"	"1"	"4"	"stool"	"Denmark"	"no"	31659	"above"	31659	"old"
"D322"	"CD284P.3"	"16"	"52.607999999999997"	"1.885"	"2.1680000000000001"	"15"	"0"	"52.607999999999997"	"1"	"4"	"stool"	"Denmark"	"no"	30502	"above"	30502	"old"
"D323"	"CD284P.4"	"16"	"170.34"	"1.8740000000000001"	"2.1800000000000002"	"15"	"0"	"170.34"	"1"	"4"	"stool"	"Denmark"	"no"	19494	"above"	19494	"old"
"D324"	"CD285I.2"	"16"	"14.919"	"1.8759999999999999"	"2.2130000000000001"	"15"	"0"	"14.919"	"1"	"4"	"stool"	"Denmark"	"no"	17491	"above"	17491	"old"
"D325"	"CD285I.3"	"16"	"114.82599999999999"	"1.8720000000000001"	"2.2629999999999999"	"15"	"0"	"114.82599999999999"	"1"	"4"	"stool"	"Denmark"	"no"	24772	"above"	24772	"old"
"D326"	"CD285I.4"	"16"	"78.522000000000006"	"1.891"	"2.1779999999999999"	"15"	"0"	"78.522000000000006"	"1"	"4"	"stool"	"Denmark"	"no"	28313	"above"	28313	"old"
"D327"	"CD287U.2"	"16"	"41.076000000000001"	"1.819"	"2.1760000000000002"	"15"	"0"	"41.076000000000001"	"1"	"4"	"stool"	"Denmark"	"no"	56479	"above"	56479	"old"
"D328"	"CD287U.3"	"16"	"135.00200000000001"	"1.8740000000000001"	"2.226"	"15"	"0"	"135.00200000000001"	"1"	"4"	"stool"	"Denmark"	"no"	17502	"above"	17502	"old"
"D329"	"CD287U.4"	"16"	"59.716999999999999"	"1.8540000000000001"	"2.2610000000000001"	"15"	"0"	"59.716999999999999"	"1"	"4"	"stool"	"Denmark"	"no"	28554	"above"	28546	"old"
"D33"	"CD029G.4"	"10"	"79.957999999999998"	"1.9259999999999999"	"1.923"	"15"	"0"	"79.957999999999998"	"1"	"1"	"stool"	"Denmark"	"no"	17434	"above"	17434	"old"
"D330"	"CD293N.2"	"16"	"177.999"	"1.865"	"2.2850000000000001"	"15"	"0"	"177.999"	"1"	"4"	"stool"	"Denmark"	"no"	31447	"above"	31447	"old"
"D331"	"CD293N.3"	"16"	"129.52199999999999"	"1.871"	"2.2349999999999999"	"15"	"0"	"129.52199999999999"	"1"	"4"	"stool"	"Denmark"	"no"	83762	"above"	83762	"old"
"D332"	"CD293N.4"	"16"	"59.219000000000001"	"1.8340000000000001"	"2.1640000000000001"	"15"	"0"	"59.219000000000001"	"1"	"4"	"stool"	"Denmark"	"no"	19319	"above"	19305	"old"
"D333"	"CD296S.2"	"16"	"40.835000000000001"	"1.8109999999999999"	"2.1539999999999999"	"15"	"0"	"40.835000000000001"	"1"	"4"	"stool"	"Denmark"	"no"	8653	"below"	8653	"old"
"D334"	"CD296S.3"	"16"	"67.924000000000007"	"1.8460000000000001"	"2.1970000000000001"	"15"	"0"	"67.924000000000007"	"1"	"4"	"stool"	"Denmark"	"no"	15434	"above"	15434	"old"
"D335"	"CD296S.4"	"16"	"132.215"	"1.8720000000000001"	"2.2240000000000002"	"15"	"0"	"132.215"	"1"	"4"	"stool"	"Denmark"	"no"	37285	"above"	37285	"old"
"D336"	"CD299X.2"	"16"	"25.216000000000001"	"1.7709999999999999"	"2.3879999999999999"	"15"	"0"	"25.216000000000001"	"1"	"4"	"stool"	"Denmark"	"no"	42818	"above"	42818	"old"
"D337"	"CD299X.3"	"16"	"24.486000000000001"	"1.877"	"1.9339999999999999"	"15"	"0"	"24.486000000000001"	"1"	"4"	"stool"	"Denmark"	"no"	18642	"above"	18642	"old"
"D338"	"CD299X.4"	"16"	"20.474"	"1.754"	"2.0699999999999998"	"15"	"0"	"20.474"	"1"	"4"	"stool"	"Denmark"	"no"	48071	"above"	48071	"old"
"D339"	"CD303R.2"	"16"	"75.375"	"1.863"	"2.2759999999999998"	"15"	"0"	"75.375"	"1"	"4"	"stool"	"Denmark"	"no"	40860	"above"	40860	"old"
"D34"	"CD030I.2x"	"24"	"77.450999999999993"	"1.954"	"2.2149999999999999"	"15"	"0"	"77.450999999999993"	"1"	"1"	"stool"	"Denmark"	"no"	12815	"above"	12815	"new"
"D340"	"CD303R.3"	"16"	"53.494999999999997"	"1.8109999999999999"	"1.764"	"15"	"0"	"53.494999999999997"	"1"	"4"	"stool"	"Denmark"	"no"	34983	"above"	34983	"old"
"D341"	"CD303R.4"	"16"	"192.92099999999999"	"1.849"	"2.1549999999999998"	"15"	"0"	"192.92099999999999"	"1"	"4"	"stool"	"Denmark"	"no"	14709	"above"	14709	"old"
"D342"	"Mock_17.1"	"17"	"4.8540000000000001"	"1.552"	"0.91200000000000003"	"15"	"0"	"4.8540000000000001"	"1"	"4"	"mock"	""	"no"	36847	"above"	36847	"old"
"D343"	"CD305D.2"	"17"	"20.555"	"1.8280000000000001"	"1.7609999999999999"	"15"	"0"	"20.555"	"1"	"4"	"stool"	"Denmark"	"no"	35005	"above"	35005	"old"
"D344"	"CD305D.3"	"17"	"15.147"	"1.7829999999999999"	"1.516"	"15"	"0"	"15.147"	"1"	"4"	"stool"	"Denmark"	"no"	44479	"above"	44479	"old"
"D345"	"CD305D.4"	"17"	"63.033000000000001"	"1.88"	"2.052"	"15"	"0"	"63.033000000000001"	"1"	"4"	"stool"	"Denmark"	"no"	46050	"above"	46050	"old"
"D346"	"CD309B.2"	"17"	"85.361999999999995"	"1.891"	"2.032"	"15"	"0"	"85.361999999999995"	"1"	"4"	"stool"	"Denmark"	"no"	26340	"above"	26340	"old"
"D347"	"CD309B.3"	"17"	"54.838000000000001"	"1.875"	"1.9770000000000001"	"15"	"0"	"54.838000000000001"	"1"	"4"	"stool"	"Denmark"	"no"	33631	"above"	33631	"old"
"D348"	"CD309B.4"	"17"	"41.936"	"1.8380000000000001"	"1.879"	"15"	"0"	"41.936"	"1"	"4"	"stool"	"Denmark"	"no"	23321	"above"	23321	"old"
"D349"	"CD312P.2"	"17"	"8.1620000000000008"	"1.7989999999999999"	"1.0589999999999999"	"15"	"0"	"8.1620000000000008"	"1"	"4"	"stool"	"Denmark"	"no"	27676	"above"	27676	"old"
"D35"	"CD030I.3"	"10"	"63.055999999999997"	"1.9470000000000001"	"1.7689999999999999"	"15"	"0"	"63.055999999999997"	"1"	"1"	"stool"	"Denmark"	"no"	9539	"below"	9539	"old"
"D350"	"CD312P.3"	"17"	"23.777000000000001"	"1.788"	"1.7190000000000001"	"15"	"0"	"23.777000000000001"	"1"	"4"	"stool"	"Denmark"	"no"	37905	"above"	37905	"old"
"D351"	"CD312P.4"	"17"	"77.959000000000003"	"1.885"	"2.0939999999999999"	"15"	"0"	"77.959000000000003"	"1"	"4"	"stool"	"Denmark"	"no"	17173	"above"	17173	"old"
"D352"	"CD318Z.2"	"17"	"86.284000000000006"	"1.8380000000000001"	"2.1949999999999998"	"15"	"0"	"86.284000000000006"	"1"	"4"	"stool"	"Denmark"	"no"	47529	"above"	47529	"old"
"D353"	"CD318Z.3"	"17"	"152.24100000000001"	"1.88"	"2.1320000000000001"	"15"	"0"	"152.24100000000001"	"1"	"4"	"stool"	"Denmark"	"no"	21243	"above"	21243	"old"
"D354"	"CD318Z.4"	"17"	"231.91"	"1.8720000000000001"	"1.833"	"15"	"0"	"231.91"	"1"	"4"	"stool"	"Denmark"	"no"	17204	"above"	17204	"old"
"D355"	"CD329J.2"	"17"	"136.37899999999999"	"1.8779999999999999"	"2.1269999999999998"	"15"	"0"	"136.37899999999999"	"1"	"4"	"stool"	"Denmark"	"no"	28812	"above"	28812	"old"
"D356"	"CD329J.3"	"17"	"93.608999999999995"	"1.873"	"2.0510000000000002"	"15"	"0"	"93.608999999999995"	"1"	"4"	"stool"	"Denmark"	"no"	35573	"above"	35573	"old"
"D357"	"CD329J.4"	"17"	"104.929"	"1.87"	"1.87"	"15"	"0"	"104.929"	"1"	"4"	"stool"	"Denmark"	"no"	18983	"above"	18983	"old"
"D358"	"CD335C.2"	"17"	"98.78"	"1.871"	"2.0379999999999998"	"15"	"0"	"98.78"	"1"	"4"	"stool"	"Denmark"	"no"	19234	"above"	19234	"old"
"D359"	"CD335C.3"	"17"	"138.41999999999999"	"1.8839999999999999"	"2.1469999999999998"	"15"	"0"	"138.41999999999999"	"1"	"4"	"stool"	"Denmark"	"no"	9207	"below"	9207	"old"
"D36"	"CD030I.4"	"10"	"95.009"	"1.9339999999999999"	"1.9930000000000001"	"15"	"0"	"95.009"	"1"	"1"	"stool"	"Denmark"	"no"	18783	"above"	18783	"old"
"D360"	"CD335C.4"	"17"	"238.685"	"1.8640000000000001"	"2.093"	"15"	"0"	"238.685"	"1"	"4"	"stool"	"Denmark"	"no"	18650	"above"	18650	"old"
"D361"	"CD337O.2"	"17"	"20.073"	"1.79"	"1.631"	"15"	"0"	"20.073"	"1"	"4"	"stool"	"Denmark"	"no"	44846	"above"	44846	"old"
"D362"	"CD337O.3"	"17"	"49.875"	"1.831"	"1.851"	"15"	"0"	"49.875"	"1"	"4"	"stool"	"Denmark"	"no"	51672	"above"	51672	"old"
"D363"	"CD337O.4"	"17"	"44.081000000000003"	"1.806"	"1.7769999999999999"	"15"	"0"	"44.081000000000003"	"1"	"4"	"stool"	"Denmark"	"no"	78510	"above"	78510	"old"
"D364"	"Mock_18.1"	"18"	"6.5890000000000004"	"2.3260000000000001"	"1.373"	"15"	"0"	"6.5890000000000004"	"1"	"4"	"mock"	""	"no"	27718	"above"	27718	"new"
"D365"	"CD355K.2"	"18"	"34.877000000000002"	"1.927"	"2.0870000000000002"	"15"	"0"	"34.877000000000002"	"1"	"4"	"stool"	"Denmark"	"no"	40597	"above"	40597	"new"
"D366"	"CD355K.3"	"18"	"30.523"	"1.98"	"1.6080000000000001"	"15"	"0"	"30.523"	"1"	"4"	"stool"	"Denmark"	"no"	30112	"above"	30112	"new"
"D367"	"CD355K.4"	"18"	"92.513999999999996"	"1.8580000000000001"	"2.2069999999999999"	"15"	"0"	"92.513999999999996"	"1"	"4"	"stool"	"Denmark"	"no"	39945	"above"	39945	"new"
"D368"	"CD356D.2"	"18"	"47.722999999999999"	"1.9430000000000001"	"1.4039999999999999"	"15"	"0"	"47.722999999999999"	"1"	"4"	"stool"	"Denmark"	"no"	23745	"above"	23745	"new"
"D369"	"CD356D.3"	"18"	"78.796000000000006"	"1.9410000000000001"	"1.5640000000000001"	"15"	"0"	"78.796000000000006"	"1"	"4"	"stool"	"Denmark"	"no"	50861	"above"	50838	"new"
"D37"	"CD031B.2"	"10"	"46.631999999999998"	"1.9159999999999999"	"1.6870000000000001"	"15"	"0"	"46.631999999999998"	"1"	"1"	"stool"	"Denmark"	"no"	27379	"above"	27379	"old"
"D370"	"CD356D.4"	"18"	"62.424999999999997"	"1.95"	"2.1779999999999999"	"15"	"0"	"62.424999999999997"	"1"	"4"	"stool"	"Denmark"	"no"	18874	"above"	18874	"new"
"D371"	"CD363P.2"	"18"	"97.531999999999996"	"1.873"	"1.7869999999999999"	"15"	"0"	"97.531999999999996"	"1"	"4"	"stool"	"Denmark"	"no"	78010	"above"	78010	"new"
"D372"	"CD363P.3"	"18"	"40.037999999999997"	"2.0299999999999998"	"2.0249999999999999"	"15"	"0"	"40.037999999999997"	"1"	"4"	"stool"	"Denmark"	"no"	28288	"above"	28288	"new"
"D373"	"CD363P.4"	"18"	"89.912999999999997"	"1.919"	"1.821"	"15"	"0"	"89.912999999999997"	"1"	"4"	"stool"	"Denmark"	"no"	26469	"above"	26469	"new"
"D374"	"CD367N.2"	"18"	"98.522000000000006"	"1.9079999999999999"	"2.1800000000000002"	"15"	"0"	"98.522000000000006"	"1"	"4"	"stool"	"Denmark"	"no"	2748	"below"	2748	"new"
"D375"	"CD367N.3"	"18"	"92.125"	"1.9239999999999999"	"2.0179999999999998"	"15"	"0"	"92.125"	"1"	"4"	"stool"	"Denmark"	"no"	28020	"above"	28020	"new"
"D376"	"CD367N.4"	"18"	"83.188999999999993"	"1.9179999999999999"	"2.0299999999999998"	"15"	"0"	"83.188999999999993"	"1"	"4"	"stool"	"Denmark"	"no"	48644	"above"	48644	"new"
"D377"	"CD368G.2"	"18"	"43.274000000000001"	"1.9039999999999999"	"2.1110000000000002"	"15"	"0"	"43.274000000000001"	"1"	"4"	"stool"	"Denmark"	"no"	52469	"above"	52469	"new"
"D378"	"CD368G.3"	"18"	"75.917000000000002"	"1.9410000000000001"	"2.2519999999999998"	"15"	"0"	"75.917000000000002"	"1"	"4"	"stool"	"Denmark"	"no"	67238	"above"	67238	"new"
"D379"	"CD368G.4"	"18"	"235.41"	"1.88"	"1.9419999999999999"	"15"	"0"	"235.41"	"1"	"4"	"stool"	"Denmark"	"no"	20035	"above"	20035	"new"
"D38"	"CD031B.3"	"10"	"24.433"	"1.9430000000000001"	"1.62"	"15"	"0"	"24.433"	"1"	"1"	"stool"	"Denmark"	"no"	36877	"above"	36877	"old"
"D380"	"CD370B.2"	"18"	"79.477000000000004"	"1.9"	"2.0099999999999998"	"15"	"0"	"79.477000000000004"	"1"	"4"	"stool"	"Denmark"	"no"	78730	"above"	78730	"new"
"D381"	"CD370B.3"	"18"	"101.96599999999999"	"1.9359999999999999"	"2.133"	"15"	"0"	"101.96599999999999"	"1"	"4"	"stool"	"Denmark"	"no"	67704	"above"	67704	"new"
"D382"	"CD370B.4"	"18"	"45.146999999999998"	"1.93"	"2.0640000000000001"	"15"	"0"	"45.146999999999998"	"1"	"4"	"stool"	"Denmark"	"no"	50123	"above"	50123	"new"
"D383"	"Blank_17.1"	"17"	"2.7949999999999999"	"1.284"	"0.439"	"15"	"0"	"2.7949999999999999"	"1"	"4"	"blank"	""	"no"	37	"below"	37	"old"
"D385"	"Blank_18.2"	"18"	"3.2650000000000001"	"3.5990000000000002"	"0.36599999999999999"	"15"	"0"	"3.2650000000000001"	"2"	"5"	"blank"	""	"no"	1144	"below"	1144	"new"
"D386"	"CD372N.2"	"18"	"186.131"	"1.871"	"2.028"	"15"	"0"	"186.131"	"2"	"5"	"stool"	"Denmark"	"no"	29363	"above"	29363	"new"
"D387"	"CD372N.3"	"18"	"210.745"	"1.899"	"2.1749999999999998"	"15"	"0"	"210.745"	"2"	"5"	"stool"	"Denmark"	"no"	18052	"above"	18052	"new"
"D388"	"CD372N.4"	"18"	"95.209000000000003"	"1.9039999999999999"	"2.0049999999999999"	"15"	"0"	"95.209000000000003"	"2"	"5"	"stool"	"Denmark"	"no"	29675	"above"	29675	"new"
"D389"	"CD376L.2"	"18"	"44.122999999999998"	"2.0150000000000001"	"1.7889999999999999"	"15"	"0"	"44.122999999999998"	"2"	"5"	"stool"	"Denmark"	"no"	40806	"above"	40806	"new"
"D39"	"CD031B.4"	"10"	"29.751999999999999"	"1.92"	"1.4279999999999999"	"15"	"0"	"29.751999999999999"	"1"	"1"	"stool"	"Denmark"	"no"	52454	"above"	52454	"old"
"D390"	"CD376L.3"	"18"	"175.45400000000001"	"1.8759999999999999"	"1.96"	"15"	"0"	"175.45400000000001"	"2"	"5"	"stool"	"Denmark"	"no"	38545	"above"	38545	"new"
"D391"	"CD376L.4"	"18"	"138.17500000000001"	"1.8640000000000001"	"1.8560000000000001"	"15"	"0"	"138.17500000000001"	"2"	"5"	"stool"	"Denmark"	"no"	24165	"above"	24165	"new"
"D392"	"CD378X.2"	"18"	"22.501999999999999"	"1.8320000000000001"	"1.754"	"15"	"0"	"22.501999999999999"	"2"	"5"	"stool"	"Denmark"	"no"	17177	"above"	17177	"new"
"D393"	"CD379Q.2"	"18"	"148.613"	"1.8979999999999999"	"2.105"	"15"	"0"	"148.613"	"2"	"5"	"stool"	"Denmark"	"no"	27150	"above"	27150	"new"
"D394"	"CD380S.2"	"18"	"34.533999999999999"	"1.827"	"1.8560000000000001"	"15"	"0"	"34.533999999999999"	"2"	"5"	"stool"	"Denmark"	"no"	34862	"above"	34862	"new"
"D395"	"CD382E.2"	"18"	"8.0549999999999997"	"1.88"	"0.93200000000000005"	"15"	"0"	"8.0549999999999997"	"2"	"5"	"stool"	"Denmark"	"no"	43202	"above"	43202	"new"
"D396"	"CD378X.3"	"18"	"113.80200000000001"	"1.8979999999999999"	"1.93"	"15"	"0"	"113.80200000000001"	"2"	"5"	"stool"	"Denmark"	"no"	26199	"above"	26199	"new"
"D397"	"CD379Q.3"	"18"	"113.1"	"1.94"	"2.105"	"15"	"0"	"113.1"	"2"	"5"	"stool"	"Denmark"	"no"	11565	"below"	11565	"new"
"D398"	"CD380S.3"	"18"	"187.59700000000001"	"1.8759999999999999"	"2.0739999999999998"	"15"	"0"	"187.59700000000001"	"2"	"5"	"stool"	"Denmark"	"no"	13760	"above"	13760	"new"
"D399"	"CD382E.3"	"18"	"15.872"	"1.792"	"1.29"	"15"	"0"	"15.871999999999998"	"2"	"5"	"stool"	"Denmark"	"no"	42983	"above"	42983	"new"
"D4"	"CD003O.3"	"9"	"39.268999999999998"	"1.9810000000000001"	"1.7250000000000001"	"15"	"0"	"39.268999999999998"	"1"	"1"	"stool"	"Denmark"	"no"	29846	"above"	29846	"old"
"D40"	"CD034G.2"	"10"	"120.88500000000001"	"1.909"	"1.9490000000000001"	"15"	"0"	"120.88500000000001"	"1"	"1"	"stool"	"Denmark"	"no"	8749	"below"	8749	"old"
"D400"	"CD378X.4"	"18"	"151.34700000000001"	"1.8680000000000001"	"2.0510000000000002"	"15"	"0"	"151.34700000000001"	"2"	"5"	"stool"	"Denmark"	"no"	46868	"above"	46868	"new"
"D401"	"CD379Q.4"	"18"	"103.337"	"1.881"	"1.9790000000000001"	"15"	"0"	"103.337"	"2"	"5"	"stool"	"Denmark"	"no"	43142	"above"	43142	"new"
"D402"	"CD380S.4"	"18"	"85.638000000000005"	"1.8640000000000001"	"1.766"	"15"	"0"	"85.638000000000005"	"2"	"5"	"stool"	"Denmark"	"no"	27051	"above"	27051	"new"
"D403"	"CD382E.4"	"18"	"26.472000000000001"	"1.8160000000000001"	"1.6739999999999999"	"15"	"0"	"26.472000000000001"	"2"	"5"	"stool"	"Denmark"	"no"	37890	"above"	37890	"new"
"D404"	"CD002V.2"	"18"	"47.3"	"1.88"	"1.7569999999999999"	"15"	"0"	"47.3"	"2"	"5"	"stool"	"Denmark"	"no"	30515	"above"	30515	"new"
"D405"	"CD002V.3"	"18"	"144.02199999999999"	"1.9019999999999999"	"2.157"	"15"	"0"	"144.02199999999999"	"2"	"5"	"stool"	"Denmark"	"no"	12736	"above"	12736	"new"
"D406"	"CD013F.3"	"18"	"1.762"	"1.3720000000000001"	"0.27400000000000002"	"15"	"0"	"1.762"	"2"	"5"	"stool"	"Denmark"	"no"	955	"below"	955	"new"
"D407"	"CD015R.2"	"18"	"10.814"	"1.724"	"1.1299999999999999"	"15"	"0"	"10.814"	"2"	"5"	"stool"	"Denmark"	"no"	46421	"above"	46421	"new"
"D408"	"CD016K.2"	"18"	"88.85"	"1.8859999999999999"	"1.968"	"15"	"0"	"88.85"	"2"	"5"	"stool"	"Denmark"	"no"	47442	"above"	47442	"new"
"D409"	"CD016K.4"	"18"	"91.33"	"1.8859999999999999"	"1.7709999999999999"	"15"	"0"	"91.33"	"2"	"5"	"stool"	"Denmark"	"no"	31587	"above"	31587	"new"
"D41"	"CD034G.3"	"10"	"75.77"	"1.9359999999999999"	"1.9930000000000001"	"15"	"0"	"75.77"	"1"	"1"	"stool"	"Denmark"	"no"	28241	"above"	28241	"old"
"D410"	"CD022D.2"	"18"	"19.757999999999999"	"1.847"	"1.117"	"15"	"0"	"19.757999999999999"	"2"	"5"	"stool"	"Denmark"	"no"	21166	"above"	21166	"new"
"D411"	"CD022D.4"	"18"	"218.386"	"1.8939999999999999"	"2.1429999999999998"	"15"	"0"	"218.386"	"2"	"5"	"stool"	"Denmark"	"no"	6336	"below"	6336	"new"
"D412"	"CD020R.2"	"18"	"80.409000000000006"	"1.869"	"2.0499999999999998"	"15"	"0"	"80.409000000000006"	"2"	"5"	"stool"	"Denmark"	"no"	12066	"below"	12066	"new"
"D413"	"CB112N.4b"	"19"	"55.57"	"1.833"	"2.1509999999999998"	"5.3985963649451145"	"9.6014036350548864"	"20"	"2"	"5"	"stool"	"Bangladesh"	"yes"	43939	"above"	43939	"new"
"D414"	"CB117E.3b"	"19"	"133.922"	"1.875"	"2.085"	"2.2401099147264825"	"12.759890085273518"	"20"	"2"	"5"	"stool"	"Bangladesh"	"yes"	40426	"above"	40426	"new"
"D415"	"CB131C.3b"	"19"	"64.188999999999993"	"1.8580000000000001"	"2.0289999999999999"	"4.6736979856361689"	"10.326302014363831"	"20"	"2"	"5"	"stool"	"Bangladesh"	"yes"	37260	"above"	37260	"new"
"D416"	"CD114Z.4b"	"19"	"169.541"	"1.8480000000000001"	"1.982"	"1.7694834877699199"	"13.23051651223008"	"20"	"2"	"5"	"stool"	"Denmark"	"yes"	48720	"above"	48720	"new"
"D417"	"CD238G.4b"	"19"	"56.344000000000001"	"1.829"	"2.1309999999999998"	"5.3244356098253585"	"9.6755643901746424"	"20"	"2"	"5"	"stool"	"Denmark"	"yes"	22149	"above"	22149	"new"
"D418"	"Mock_19.1"	"19"	"6.34"	"1.601"	"1.331"	"15"	"0"	"6.34"	"2"	"5"	"mock"	""	"no"	21303	"above"	21303	"new"
"D419"	"CD023W.2"	"19"	"53.548000000000002"	"1.8140000000000001"	"2.2789999999999999"	"15"	"0"	"53.548000000000002"	"2"	"5"	"stool"	"Denmark"	"no"	35458	"above"	35458	"new"
"D42"	"CD034G.4"	"10"	"13.057"	"1.929"	"0.874"	"15"	"0"	"13.057"	"1"	"1"	"stool"	"Denmark"	"no"	58964	"above"	58950	"old"
"D420"	"CD024P.2"	"19"	"30.134"	"1.6659999999999999"	"1.4530000000000001"	"15"	"0"	"30.134"	"2"	"5"	"stool"	"Denmark"	"no"	33599	"above"	33599	"new"
"D421"	"CD024P.4"	"19"	"93.176000000000002"	"1.825"	"2.1760000000000002"	"15"	"0"	"93.176000000000002"	"2"	"5"	"stool"	"Denmark"	"no"	31354	"above"	31354	"new"
"D422"	"CD026B.2"	"19"	"42.015000000000001"	"1.8"	"2.278"	"15"	"0"	"42.015000000000001"	"2"	"5"	"stool"	"Denmark"	"no"	33826	"above"	33826	"new"
"D423"	"CD026B.3"	"19"	"31.591999999999999"	"1.79"	"2.1389999999999998"	"15"	"0"	"31.591999999999999"	"2"	"5"	"stool"	"Denmark"	"no"	26112	"above"	26112	"new"
"D424"	"CD027U.2"	"19"	"56.343000000000004"	"1.825"	"2.1139999999999999"	"15"	"0"	"56.343000000000004"	"2"	"5"	"stool"	"Denmark"	"no"	40693	"above"	40693	"new"
"D425"	"CD027U.4"	"19"	"81.799000000000007"	"1.7849999999999999"	"1.9550000000000001"	"15"	"0"	"81.799000000000007"	"2"	"5"	"stool"	"Denmark"	"no"	36478	"above"	36478	"new"
"D426"	"CD028N.2"	"19"	"65.863"	"1.8160000000000001"	"2.09"	"15"	"0"	"65.863"	"2"	"5"	"stool"	"Denmark"	"no"	23010	"above"	23010	"new"
"D427"	"CD028N.4"	"19"	"59.287999999999997"	"1.7969999999999999"	"2.0939999999999999"	"15"	"0"	"59.287999999999997"	"2"	"5"	"stool"	"Denmark"	"no"	23364	"above"	23364	"new"
"D428"	"CD033N.2"	"19"	"11.842000000000001"	"2.0169999999999999"	"1.425"	"15"	"0"	"11.842000000000001"	"2"	"5"	"stool"	"Denmark"	"no"	26272	"above"	26272	"new"
"D429"	"CD033N.4"	"19"	"168.642"	"1.8740000000000001"	"2.056"	"15"	"0"	"168.642"	"2"	"5"	"stool"	"Denmark"	"no"	30541	"above"	30541	"new"
"D43"	"CD039X.2"	"10"	"36.090000000000003"	"1.9470000000000001"	"1.518"	"15"	"0"	"36.090000000000003"	"1"	"1"	"stool"	"Denmark"	"no"	18534	"above"	18534	"old"
"D430"	"CD035Z.2"	"19"	"169.245"	"1.8360000000000001"	"2.302"	"15"	"0"	"169.245"	"2"	"5"	"stool"	"Denmark"	"no"	31934	"above"	31934	"new"
"D431"	"CD035Z.4"	"19"	"191.98699999999999"	"1.85"	"2.1989999999999998"	"15"	"0"	"191.98699999999999"	"2"	"5"	"stool"	"Denmark"	"no"	28486	"above"	28486	"new"
"D432"	"Blank_19.2"	"19"	"2.843"	"0.94699999999999995"	"0.72699999999999998"	"15"	"0"	"2.8429999999999995"	"2"	"5"	"blank"	""	"no"	10289	"below"	10289	"new"
"D433"	"CD037L.2"	"19"	"95.81"	"1.837"	"2.1309999999999998"	"15"	"0"	"95.81"	"2"	"5"	"stool"	"Denmark"	"no"	16846	"above"	16846	"new"
"D434"	"CD042L.2"	"19"	"38.436"	"1.778"	"2.008"	"15"	"0"	"38.436"	"2"	"5"	"stool"	"Denmark"	"no"	17049	"above"	17049	"new"
"D435"	"CD042L.4"	"19"	"145.685"	"1.8680000000000001"	"2.145"	"15"	"0"	"145.685"	"2"	"5"	"stool"	"Denmark"	"no"	11355	"below"	11355	"new"
"D436"	"CD043E.2"	"19"	"22.167999999999999"	"1.744"	"1.966"	"15"	"0"	"22.167999999999999"	"2"	"5"	"stool"	"Denmark"	"no"	29427	"above"	29427	"new"
"D437"	"CD043E.4"	"19"	"125.242"	"1.8460000000000001"	"1.9890000000000001"	"15"	"0"	"125.242"	"2"	"5"	"stool"	"Denmark"	"no"	27360	"above"	27360	"new"
"D438"	"CD046J.2"	"19"	"82.090999999999994"	"1.8260000000000001"	"2.09"	"15"	"0"	"82.090999999999994"	"2"	"5"	"stool"	"Denmark"	"no"	28970	"above"	28970	"new"
"D439"	"CD046J.3"	"19"	"157.928"	"1.865"	"2.198"	"15"	"0"	"157.928"	"2"	"5"	"stool"	"Denmark"	"no"	12252	"above"	12252	"new"
"D44"	"CD039X.3"	"10"	"37.692999999999998"	"1.948"	"1.722"	"15"	"0"	"37.692999999999998"	"1"	"1"	"stool"	"Denmark"	"no"	25458	"above"	25458	"old"
"D440"	"CD048V.2"	"19"	"20.946999999999999"	"1.6910000000000001"	"1.6539999999999999"	"15"	"0"	"20.946999999999999"	"2"	"5"	"stool"	"Denmark"	"no"	20670	"above"	20670	"new"
"D441"	"CD048V.4"	"19"	"95.581000000000003"	"1.84"	"2.0609999999999999"	"15"	"0"	"95.581000000000003"	"2"	"5"	"stool"	"Denmark"	"no"	15563	"above"	15563	"new"
"D442"	"CD052C.2"	"19"	"24.850999999999999"	"1.6439999999999999"	"2.0099999999999998"	"15"	"0"	"24.850999999999999"	"2"	"5"	"stool"	"Denmark"	"no"	26552	"above"	26552	"new"
"D443"	"CD052C.4"	"19"	"64.997"	"1.877"	"1.9470000000000001"	"15"	"0"	"64.997"	"2"	"5"	"stool"	"Denmark"	"no"	18969	"above"	18969	"new"
"D444"	"CD060H.2"	"19"	"105.83199999999999"	"1.86"	"2.1309999999999998"	"15"	"0"	"105.83200000000001"	"2"	"5"	"stool"	"Denmark"	"no"	11708	"below"	11708	"new"
"D445"	"CD060H.3"	"19"	"73.213999999999999"	"1.83"	"2.1739999999999999"	"15"	"0"	"73.213999999999999"	"2"	"5"	"stool"	"Denmark"	"no"	24890	"above"	24890	"new"
"D446"	"CD060H.4"	"19"	"64.281000000000006"	"1.7889999999999999"	"2.1150000000000002"	"15"	"0"	"64.281000000000006"	"2"	"5"	"stool"	"Denmark"	"no"	16394	"above"	16394	"new"
"D447"	"CD066R.2"	"19"	"160.07300000000001"	"1.859"	"2.1419999999999999"	"15"	"0"	"160.07300000000001"	"2"	"5"	"stool"	"Denmark"	"no"	15160	"above"	15160	"new"
"D448"	"CD069W.2"	"19"	"109.98099999999999"	"1.853"	"2.2160000000000002"	"15"	"0"	"109.98099999999999"	"2"	"5"	"stool"	"Denmark"	"no"	26823	"above"	26823	"new"
"D449"	"CD073D.2"	"19"	"42.792999999999999"	"1.77"	"2.1560000000000001"	"15"	"0"	"42.792999999999999"	"2"	"5"	"stool"	"Denmark"	"no"	11758	"below"	11758	"new"
"D45"	"CD039X.4"	"10"	"146.44200000000001"	"1.9119999999999999"	"2.0110000000000001"	"15"	"0"	"146.44200000000001"	"1"	"1"	"stool"	"Denmark"	"no"	15548	"above"	15548	"old"
"D450"	"CD073D.4"	"19"	"30.31"	"1.6970000000000001"	"2.012"	"15"	"0"	"30.31"	"2"	"5"	"stool"	"Denmark"	"no"	15413	"above"	15413	"new"
"D451"	"CD076I.2"	"19"	"71.959999999999994"	"1.8160000000000001"	"2.1819999999999999"	"15"	"0"	"71.959999999999994"	"2"	"5"	"stool"	"Denmark"	"no"	175620	"above"	175620	"new"
"D452"	"CD076I.4"	"19"	"114.961"	"1.845"	"2.1840000000000002"	"15"	"0"	"114.961"	"2"	"5"	"stool"	"Denmark"	"no"	14793	"above"	14793	"new"
"D453"	"CD077B.3"	"19"	"110.967"	"1.8280000000000001"	"2.0990000000000002"	"15"	"0"	"110.967"	"2"	"5"	"stool"	"Denmark"	"no"	10314	"below"	10314	"new"
"D454"	"Mock_20.1"	"20"	"4.0350000000000001"	"3.2250000000000001"	"0.85099999999999998"	"15"	"0"	"4.0350000000000001"	"2"	"5"	"mock"	""	"no"	24339	"above"	24339	"new"
"D455"	"CD086Z.2"	"19"	"47.475999999999999"	"1.7549999999999999"	"2.3570000000000002"	"15"	"0"	"47.475999999999999"	"2"	"5"	"stool"	"Denmark"	"no"	17725	"above"	17725	"new"
"D456"	"CD089E.3"	"19"	"115.35"	"1.8460000000000001"	"2.2280000000000002"	"15"	"0"	"115.35"	"2"	"5"	"stool"	"Denmark"	"no"	3669	"below"	3669	"new"
"D457"	"CD108G.2"	"19"	"106.902"	"1.847"	"2.0840000000000001"	"15"	"0"	"106.902"	"2"	"5"	"stool"	"Denmark"	"no"	14410	"above"	14410	"new"
"D458"	"CD087S.4"	"19"	"61.634999999999998"	"1.8049999999999999"	"1.8080000000000001"	"15"	"0"	"61.634999999999998"	"2"	"5"	"stool"	"Denmark"	"no"	14460	"above"	14460	"new"
"D459"	"CD088L.2"	"19"	"208.07900000000001"	"1.855"	"2.145"	"15"	"0"	"208.07900000000001"	"2"	"5"	"stool"	"Denmark"	"no"	5900	"below"	5900	"new"
"D46"	"CD044X.2"	"10"	"69.049000000000007"	"1.927"	"1.7050000000000001"	"15"	"0"	"69.049000000000007"	"1"	"1"	"stool"	"Denmark"	"no"	14178	"above"	14178	"old"
"D460"	"CD088L.4"	"19"	"59.661000000000001"	"1.7609999999999999"	"2.246"	"15"	"0"	"59.660999999999994"	"2"	"5"	"stool"	"Denmark"	"no"	21762	"above"	21762	"new"
"D461"	"CD086Z.4"	"20"	"152.68600000000001"	"1.879"	"1.6859999999999999"	"15"	"0"	"152.68600000000001"	"2"	"5"	"stool"	"Denmark"	"no"	5503	"below"	5503	"new"
"D462"	"CD087S.2"	"20"	"115.98699999999999"	"1.9139999999999999"	"2.141"	"15"	"0"	"115.98699999999999"	"2"	"5"	"stool"	"Denmark"	"no"	14873	"above"	14873	"new"
"D463"	"CD102W.3"	"20"	"70.885000000000005"	"1.93"	"2.1179999999999999"	"15"	"0"	"70.885000000000005"	"2"	"5"	"stool"	"Denmark"	"no"	13609	"above"	13609	"new"
"D464"	"CD102W.4"	"20"	"153.14099999999999"	"1.893"	"2.0539999999999998"	"15"	"0"	"153.14099999999999"	"2"	"5"	"stool"	"Denmark"	"no"	24857	"above"	24857	"new"
"D465"	"CD113G.2"	"20"	"59.963999999999999"	"1.9319999999999999"	"2.101"	"15"	"0"	"59.964000000000006"	"2"	"5"	"stool"	"Denmark"	"no"	34613	"above"	34613	"new"
"D466"	"CD113G.4x"	"24"	"17.843"	"2.3330000000000002"	"1.7"	"15"	"0"	"17.843"	"2"	"5"	"stool"	"Denmark"	"no"	21795	"above"	21788	"new"
"D467"	"CD127V.2"	"20"	"45.750999999999998"	"1.996"	"1.7909999999999999"	"15"	"0"	"45.750999999999998"	"2"	"5"	"stool"	"Denmark"	"no"	23496	"above"	23496	"new"
"D468"	"CD127V.4"	"20"	"62.448999999999998"	"1.931"	"1.8759999999999999"	"15"	"0"	"62.448999999999998"	"2"	"5"	"stool"	"Denmark"	"no"	12965	"above"	12965	"new"
"D469"	"CD129H.2"	"20"	"68.709999999999994"	"1.907"	"2.1"	"15"	"0"	"68.709999999999994"	"2"	"5"	"stool"	"Denmark"	"no"	43821	"above"	43821	"new"
"D47"	"CD044X.3"	"10"	"30.422999999999998"	"2.06"	"1.429"	"15"	"0"	"30.422999999999998"	"1"	"1"	"stool"	"Denmark"	"no"	31922	"above"	31922	"old"
"D470"	"CD129H.3"	"20"	"160.53200000000001"	"1.911"	"2.1970000000000001"	"15"	"0"	"160.53200000000001"	"2"	"5"	"stool"	"Denmark"	"no"	18328	"above"	18328	"new"
"D471"	"CD135A.2"	"20"	"34.113999999999997"	"1.9450000000000001"	"1.893"	"15"	"0"	"34.113999999999997"	"2"	"5"	"stool"	"Denmark"	"no"	26701	"above"	26701	"new"
"D472"	"CD135A.3"	"20"	"86.698999999999998"	"1.909"	"1.9339999999999999"	"15"	"0"	"86.698999999999998"	"2"	"5"	"stool"	"Denmark"	"no"	22763	"above"	22763	"new"
"D473"	"CD148W.2"	"20"	"53.697000000000003"	"1.9039999999999999"	"2.012"	"15"	"0"	"53.697000000000003"	"2"	"5"	"stool"	"Denmark"	"no"	42351	"above"	42351	"new"
"D474"	"CD153W.3"	"20"	"219.161"	"1.8560000000000001"	"1.9970000000000001"	"15"	"0"	"219.161"	"2"	"5"	"stool"	"Denmark"	"no"	16426	"above"	16426	"new"
"D475"	"CD153W.4"	"20"	"140.428"	"1.879"	"1.7809999999999999"	"15"	"0"	"140.428"	"2"	"5"	"stool"	"Denmark"	"no"	22941	"above"	22941	"new"
"D476"	"CD156B.3"	"20"	"92.965999999999994"	"1.8839999999999999"	"2.1139999999999999"	"15"	"0"	"92.965999999999994"	"2"	"5"	"stool"	"Denmark"	"no"	41369	"above"	41369	"new"
"D477"	"CD156B.4"	"20"	"120.07"	"1.8859999999999999"	"1.885"	"15"	"0"	"120.07"	"2"	"5"	"stool"	"Denmark"	"no"	26688	"above"	26688	"new"
"D478"	"CD215T.4"	"21"	"61.624000000000002"	"1.895"	"1.718"	"15"	"0"	"61.624000000000002"	"2"	"5"	"stool"	"Denmark"	"no"	35280	"above"	35280	"new"
"D479"	"Blank_20.2"	"20"	"2.5619999999999998"	"1.911"	"0.33600000000000002"	"15"	"0"	"2.5619999999999998"	"2"	"5"	"blank"	""	"no"	18	"below"	18	"new"
"D48"	"CD044X.4"	"10"	"90.555999999999997"	"1.9350000000000001"	"1.9259999999999999"	"15"	"0"	"90.555999999999997"	"1"	"1"	"stool"	"Denmark"	"no"	18941	"above"	18941	"old"
"D481"	"CD161B.2"	"20"	"61.857999999999997"	"1.9119999999999999"	"2.0720000000000001"	"15"	"0"	"61.857999999999997"	"2"	"6"	"stool"	"Denmark"	"no"	50073	"above"	50073	"new"
"D482"	"CD161B.4"	"20"	"253.846"	"1.863"	"1.871"	"14.181826776864714"	"0.81817322313528607"	"240"	"2"	"6"	"stool"	"Denmark"	"no"	18900	"above"	18900	"new"
"D483"	"CD163N.3"	"20"	"236.31800000000001"	"1.8819999999999999"	"2.1619999999999999"	"15"	"0"	"236.31800000000001"	"2"	"6"	"stool"	"Denmark"	"no"	11485	"below"	11485	"new"
"D484"	"CD163N.4"	"20"	"157.17599999999999"	"1.877"	"1.982"	"15"	"0"	"157.17599999999999"	"2"	"6"	"stool"	"Denmark"	"no"	23016	"above"	23016	"new"
"D485"	"CD164G.2"	"20"	"137.47200000000001"	"1.865"	"2.2000000000000002"	"15"	"0"	"137.47200000000001"	"2"	"6"	"stool"	"Denmark"	"no"	36359	"above"	36359	"new"
"D486"	"CD164G.4"	"20"	"71.977999999999994"	"1.91"	"1.9730000000000001"	"15"	"0"	"71.977999999999994"	"2"	"6"	"stool"	"Denmark"	"no"	25539	"above"	25539	"new"
"D487"	"CD165Z.3"	"20"	"142.47399999999999"	"1.895"	"2.0270000000000001"	"15"	"0"	"142.47399999999999"	"2"	"6"	"stool"	"Denmark"	"no"	20380	"above"	20380	"new"
"D488"	"CD165Z.4"	"20"	"208.99799999999999"	"1.889"	"1.7729999999999999"	"15"	"0"	"208.99799999999999"	"2"	"6"	"stool"	"Denmark"	"no"	8854	"below"	8854	"new"
"D489"	"CD169X.2"	"20"	"139.65299999999999"	"1.891"	"1.665"	"15"	"0"	"139.65299999999999"	"2"	"6"	"stool"	"Denmark"	"no"	41162	"above"	41162	"new"
"D49"	"Blank_10.2"	"10"	"2.206"	"3.6469999999999998"	"0.318"	"15"	"0"	"2.206"	"1"	"1"	"blank"	""	"no"	278	"below"	266	"old"
"D490"	"CD173E.2"	"20"	"167.42099999999999"	"1.8939999999999999"	"2.0289999999999999"	"15"	"0"	"167.42099999999999"	"2"	"6"	"stool"	"Denmark"	"no"	9762	"below"	9762	"new"
"D491"	"CD174X.2"	"20"	"34.49"	"1.859"	"1.4810000000000001"	"15"	"0"	"34.49"	"2"	"6"	"stool"	"Denmark"	"no"	19970	"above"	19970	"new"
"D492"	"CD175Q.2"	"20"	"102.968"	"1.901"	"2.1059999999999999"	"15"	"0"	"102.968"	"2"	"6"	"stool"	"Denmark"	"no"	12966	"above"	12966	"new"
"D493"	"CD175Q.3"	"20"	"116.146"	"1.931"	"2.1120000000000001"	"15"	"0"	"116.146"	"2"	"6"	"stool"	"Denmark"	"no"	13677	"above"	13677	"new"
"D494"	"CD186A.2"	"20"	"167.041"	"1.923"	"2.1560000000000001"	"15"	"0"	"167.041"	"2"	"6"	"stool"	"Denmark"	"no"	12981	"above"	12981	"new"
"D495"	"CD194F.2"	"20"	"22.707999999999998"	"1.9870000000000001"	"1.4450000000000001"	"15"	"0"	"22.708000000000002"	"2"	"6"	"stool"	"Denmark"	"no"	31407	"above"	31407	"new"
"D496"	"CD198D.2"	"20"	"7.657"	"2.0379999999999998"	"1.21"	"15"	"0"	"7.657"	"2"	"6"	"stool"	"Denmark"	"no"	19455	"above"	19455	"new"
"D497"	"CD198D.4x"	"24"	"79.718000000000004"	"1.9770000000000001"	"1.9379999999999999"	"15"	"0"	"79.718000000000004"	"2"	"6"	"stool"	"Denmark"	"no"	39270	"above"	39270	"new"
"D498"	"CD202X.2"	"20"	"40.018000000000001"	"1.877"	"1.502"	"15"	"0"	"40.018000000000001"	"2"	"6"	"stool"	"Denmark"	"no"	16389	"above"	16389	"new"
"D499"	"CD202X.3"	"20"	"99.251999999999995"	"1.8779999999999999"	"1.929"	"15"	"0"	"99.251999999999995"	"2"	"6"	"stool"	"Denmark"	"no"	16987	"above"	16987	"new"
"D5"	"CD003O.4"	"9"	"61.698"	"1.9710000000000001"	"1.9990000000000001"	"15"	"0"	"61.698"	"1"	"1"	"stool"	"Denmark"	"no"	31079	"above"	31079	"old"
"D50"	"CD045Q.2"	"10"	"80.218999999999994"	"1.9279999999999999"	"1.897"	"15"	"0"	"80.218999999999994"	"1"	"1"	"stool"	"Denmark"	"no"	30827	"above"	30827	"old"
"D500"	"CD204J.2"	"20"	"51.087000000000003"	"1.881"	"1.897"	"15"	"0"	"51.087000000000003"	"2"	"6"	"stool"	"Denmark"	"no"	16411	"above"	16411	"new"
"D501"	"CD204J.3x"	"24"	"7.3449999999999998"	"3.3170000000000002"	"1.3149999999999999"	"15"	"0"	"7.3449999999999998"	"2"	"6"	"stool"	"Denmark"	"no"	21110	"above"	21110	"new"
"D502"	"CD204J.4"	"20"	"200.732"	"1.859"	"1.968"	"15"	"0"	"200.732"	"2"	"6"	"stool"	"Denmark"	"no"	15517	"above"	15517	"new"
"D503"	"CD214A.2"	"20"	"123.664"	"1.83"	"2.1419999999999999"	"15"	"0"	"123.664"	"2"	"6"	"stool"	"Denmark"	"no"	17876	"above"	17876	"new"
"D504"	"CD214A.3"	"20"	"39.479999999999997"	"1.857"	"1.966"	"15"	"0"	"39.479999999999997"	"2"	"6"	"stool"	"Denmark"	"no"	17815	"above"	17815	"new"
"D505"	"CD228P.3"	"20"	"108.69199999999999"	"1.8819999999999999"	"2.0369999999999999"	"15"	"0"	"108.69199999999999"	"2"	"6"	"stool"	"Denmark"	"no"	10529	"below"	10529	"new"
"D506"	"CD228P.4"	"20"	"67.733999999999995"	"1.8759999999999999"	"1.7909999999999999"	"15"	"0"	"67.733999999999995"	"2"	"6"	"stool"	"Denmark"	"no"	10100	"below"	10100	"new"
"D507"	"CD229I.2"	"20"	"142.54300000000001"	"1.861"	"2.0649999999999999"	"15"	"0"	"142.54300000000001"	"2"	"6"	"stool"	"Denmark"	"no"	10731	"below"	10731	"new"
"D508"	"CD229I.3"	"20"	"65.075000000000003"	"1.825"	"2.1640000000000001"	"15"	"0"	"65.075000000000003"	"2"	"6"	"stool"	"Denmark"	"no"	17516	"above"	17516	"new"
"D509"	"Mock_21.1"	"21"	"6.5410000000000004"	"2.2559999999999998"	"1.0640000000000001"	"15"	"0"	"6.5410000000000004"	"2"	"6"	"mock"	""	"no"	18960	"above"	18960	"new"
"D51"	"CD045Q.3"	"10"	"117.61199999999999"	"1.92"	"1.95"	"15"	"0"	"117.61199999999999"	"1"	"1"	"stool"	"Denmark"	"no"	2814	"below"	2814	"old"
"D510"	"CD231D.2"	"21"	"147.113"	"1.9159999999999999"	"2.129"	"15"	"0"	"147.113"	"2"	"6"	"stool"	"Denmark"	"no"	12447	"above"	12447	"new"
"D511"	"CD231D.4"	"21"	"95.247"	"1.9019999999999999"	"2.0379999999999998"	"15"	"0"	"95.247"	"2"	"6"	"stool"	"Denmark"	"no"	11989	"below"	11989	"new"
"D512"	"CD234I.2"	"21"	"187.16"	"1.9279999999999999"	"2.0630000000000002"	"15"	"0"	"187.16"	"2"	"6"	"stool"	"Denmark"	"no"	17670	"above"	17670	"new"
"D513"	"CD234I.4"	"21"	"88.001999999999995"	"1.91"	"1.952"	"15"	"0"	"88.001999999999995"	"2"	"6"	"stool"	"Denmark"	"no"	32506	"above"	32506	"new"
"D514"	"CD235B.3"	"21"	"156.75299999999999"	"1.91"	"2.0430000000000001"	"15"	"0"	"156.75299999999999"	"2"	"6"	"stool"	"Denmark"	"no"	11018	"below"	11018	"new"
"D515"	"CD235B.4"	"21"	"124.367"	"1.91"	"1.9510000000000001"	"15"	"0"	"124.367"	"2"	"6"	"stool"	"Denmark"	"no"	6884	"below"	6884	"new"
"D516"	"CD237N.2"	"21"	"92.600999999999999"	"1.8839999999999999"	"2.0529999999999999"	"15"	"0"	"92.600999999999985"	"2"	"6"	"stool"	"Denmark"	"no"	12128	"above"	12128	"new"
"D517"	"CD244Z.2"	"21"	"96.108000000000004"	"1.911"	"2.12"	"15"	"0"	"96.108000000000004"	"2"	"6"	"stool"	"Denmark"	"no"	12953	"above"	12953	"new"
"D518"	"CD248X.2"	"21"	"183.93299999999999"	"1.915"	"2.09"	"15"	"0"	"183.93299999999999"	"2"	"6"	"stool"	"Denmark"	"no"	14008	"above"	14008	"new"
"D519"	"CD248X.4"	"21"	"190.839"	"1.8720000000000001"	"1.599"	"15"	"0"	"190.839"	"2"	"6"	"stool"	"Denmark"	"no"	10621	"below"	10621	"new"
"D52"	"CD045Q.4"	"10"	"225.19499999999999"	"1.9159999999999999"	"2.073"	"15"	"0"	"225.19499999999999"	"1"	"1"	"stool"	"Denmark"	"no"	13440	"above"	13440	"old"
"D520"	"CD251L.2"	"21"	"159.28100000000001"	"1.907"	"2.1680000000000001"	"15"	"0"	"159.28100000000001"	"2"	"6"	"stool"	"Denmark"	"no"	41847	"above"	41847	"new"
"D521"	"CD251L.4"	"21"	"268.37299999999999"	"1.863"	"1.899"	"13.414166104637948"	"1.5858338953620521"	"240"	"2"	"6"	"stool"	"Denmark"	"no"	39733	"above"	39733	"new"
"D522"	"CD253X.2"	"21"	"44.383000000000003"	"1.925"	"1.9430000000000001"	"15"	"0"	"44.383000000000003"	"2"	"6"	"stool"	"Denmark"	"no"	16475	"above"	16475	"new"
"D523"	"CD253X.4"	"21"	"109.99299999999999"	"1.897"	"2.0019999999999998"	"15"	"0"	"109.99299999999999"	"2"	"6"	"stool"	"Denmark"	"no"	11956	"below"	11956	"new"
"D524"	"CD254Q.2"	"21"	"120.358"	"1.8959999999999999"	"1.9470000000000001"	"15"	"0"	"120.358"	"2"	"6"	"stool"	"Denmark"	"no"	6901	"below"	6901	"new"
"D525"	"CD254Q.4"	"21"	"73.394000000000005"	"1.9079999999999999"	"2.0030000000000001"	"15"	"0"	"73.394000000000005"	"2"	"6"	"stool"	"Denmark"	"no"	14859	"above"	14859	"new"
"D526"	"Blank_21.2"	"21"	"1.3080000000000001"	"2.048"	"0.30099999999999999"	"15"	"0"	"1.3080000000000001"	"2"	"6"	"blank"	""	"no"	62	"below"	62	"new"
"D527"	"CD255J.2x"	"24"	"37.654000000000003"	"2.0880000000000001"	"2.016"	"15"	"0"	"37.654000000000003"	"2"	"6"	"stool"	"Denmark"	"no"	25940	"above"	25940	"new"
"D528"	"CD255J.4"	"21"	"208.934"	"1.8839999999999999"	"1.865"	"15"	"0"	"208.934"	"2"	"6"	"stool"	"Denmark"	"no"	5370	"below"	5370	"new"
"D529"	"CD256C.2"	"21"	"28.552"	"1.88"	"1.7190000000000001"	"15"	"0"	"28.552"	"2"	"6"	"stool"	"Denmark"	"no"	27264	"above"	27264	"new"
"D53"	"CD050Q.2"	"10"	"26.42"	"1.9510000000000001"	"1.651"	"15"	"0"	"26.42"	"1"	"1"	"stool"	"Denmark"	"no"	51133	"above"	51133	"old"
"D530"	"CD262V.2"	"21"	"70.906999999999996"	"1.9059999999999999"	"2.0920000000000001"	"15"	"0"	"70.906999999999996"	"2"	"6"	"stool"	"Denmark"	"no"	20121	"above"	20121	"new"
"D531"	"CD262V.4"	"21"	"139.23699999999999"	"1.891"	"1.919"	"15"	"0"	"139.23699999999999"	"2"	"6"	"stool"	"Denmark"	"no"	6877	"below"	6877	"new"
"D532"	"CD263O.2"	"21"	"111.27200000000001"	"1.919"	"2.048"	"15"	"0"	"111.27200000000001"	"2"	"6"	"stool"	"Denmark"	"no"	11293	"below"	11293	"new"
"D533"	"CD263O.4"	"21"	"202.678"	"1.9019999999999999"	"2.0979999999999999"	"15"	"0"	"202.678"	"2"	"6"	"stool"	"Denmark"	"no"	11781	"below"	11781	"new"
"D534"	"CD264H.2"	"21"	"12.35"	"1.9370000000000001"	"1.028"	"15"	"0"	"12.35"	"2"	"6"	"stool"	"Denmark"	"no"	20365	"above"	20365	"new"
"D535"	"CD264H.4"	"21"	"228.68299999999999"	"1.8620000000000001"	"1.556"	"15"	"0"	"228.68299999999999"	"2"	"6"	"stool"	"Denmark"	"no"	11326	"below"	11326	"new"
"D536"	"CD265A.2"	"21"	"80.587999999999994"	"1.9219999999999999"	"2.0489999999999999"	"15"	"0"	"80.587999999999994"	"2"	"6"	"stool"	"Denmark"	"no"	32899	"above"	32899	"new"
"D537"	"CD265A.4"	"21"	"56.161999999999999"	"1.9159999999999999"	"2.0270000000000001"	"15"	"0"	"56.161999999999999"	"2"	"6"	"stool"	"Denmark"	"no"	30933	"above"	30933	"new"
"D538"	"CD269Y.2"	"21"	"131.37700000000001"	"1.911"	"2.1230000000000002"	"15"	"0"	"131.37700000000001"	"2"	"6"	"stool"	"Denmark"	"no"	8499	"below"	8499	"new"
"D539"	"CD269Y.4"	"21"	"29.888000000000002"	"1.9419999999999999"	"1.7410000000000001"	"15"	"0"	"29.888000000000002"	"2"	"6"	"stool"	"Denmark"	"no"	11476	"below"	11476	"new"
"D54"	"CD050Q.3"	"10"	"199.38200000000001"	"1.907"	"2.052"	"15"	"0"	"199.38200000000001"	"1"	"1"	"stool"	"Denmark"	"no"	12086	"below"	12086	"old"
"D540"	"CD272M.2"	"21"	"95.94"	"1.901"	"1.9690000000000001"	"15"	"0"	"95.94"	"2"	"6"	"stool"	"Denmark"	"no"	17216	"above"	17216	"new"
"D541"	"CD237N.4"	"21"	"22.379000000000001"	"1.9410000000000001"	"2.0870000000000002"	"15"	"0"	"22.379000000000001"	"2"	"6"	"stool"	"Denmark"	"no"	14798	"above"	14798	"new"
"D542"	"CD274Y.2"	"21"	"16.09"	"2.0329999999999999"	"2.3719999999999999"	"15"	"0"	"16.09"	"2"	"6"	"stool"	"Denmark"	"no"	23542	"above"	23542	"new"
"D543"	"CD274Y.4"	"21"	"124.16800000000001"	"1.8939999999999999"	"1.8720000000000001"	"15"	"0"	"124.16799999999999"	"2"	"6"	"stool"	"Denmark"	"no"	10259	"below"	10259	"new"
"D544"	"CD275R.2"	"21"	"179.131"	"1.9079999999999999"	"2.2109999999999999"	"15"	"0"	"179.131"	"2"	"6"	"stool"	"Denmark"	"no"	10574	"below"	10574	"new"
"D545"	"CD278W.2"	"21"	"107.06699999999999"	"1.9019999999999999"	"2.1389999999999998"	"15"	"0"	"107.06699999999999"	"2"	"6"	"stool"	"Denmark"	"yes"	21305	"above"	21305	"new"
"D546"	"CD278W.4"	"21"	"110.8"	"1.883"	"2.032"	"15"	"0"	"110.8"	"2"	"6"	"stool"	"Denmark"	"no"	10378	"below"	10378	"new"
"D547"	"CD290I.2"	"21"	"14.567"	"1.8839999999999999"	"1.6990000000000001"	"15"	"0"	"14.567"	"2"	"6"	"stool"	"Denmark"	"no"	11721	"below"	11721	"new"
"D548"	"CD290I.3"	"21"	"14.22"	"1.974"	"1.6240000000000001"	"15"	"0"	"14.22"	"2"	"6"	"stool"	"Denmark"	"no"	27687	"above"	27687	"new"
"D549"	"CD292U.2"	"21"	"36.383000000000003"	"1.9119999999999999"	"2.0169999999999999"	"15"	"0"	"36.383000000000003"	"2"	"6"	"stool"	"Denmark"	"no"	31404	"above"	31404	"new"
"D55"	"CD050Q.4"	"10"	"46.215000000000003"	"1.9390000000000001"	"1.5880000000000001"	"15"	"0"	"46.215000000000003"	"1"	"1"	"stool"	"Denmark"	"no"	19921	"above"	19921	"old"
"D550"	"CD292U.4"	"21"	"32.970999999999997"	"1.917"	"1.798"	"15"	"0"	"32.970999999999997"	"2"	"6"	"stool"	"Denmark"	"no"	19060	"above"	19060	"new"
"D551"	"CD298E.2"	"21"	"33.268000000000001"	"1.9159999999999999"	"1.819"	"15"	"0"	"33.268000000000001"	"2"	"6"	"stool"	"Denmark"	"no"	23167	"above"	23167	"new"
"D552"	"CD298E.4"	"21"	"51.829000000000001"	"1.9379999999999999"	"2.0859999999999999"	"15"	"0"	"51.829000000000001"	"2"	"6"	"stool"	"Denmark"	"no"	23749	"above"	23749	"new"
"D553"	"CD304K.2"	"21"	"13.025"	"2.1269999999999998"	"1.8129999999999999"	"15"	"0"	"13.025"	"2"	"6"	"stool"	"Denmark"	"no"	41794	"above"	41794	"new"
"D554"	"CD304K.4"	"21"	"120.03400000000001"	"1.8939999999999999"	"2.0099999999999998"	"15"	"0"	"120.03400000000001"	"2"	"6"	"stool"	"Denmark"	"no"	16773	"above"	16773	"new"
"D555"	"Mock_22.1"	"22"	"6.66"	"1.724"	"0.79900000000000004"	"15"	"0"	"6.66"	"2"	"6"	"mock"	""	"no"	24058	"above"	24058	"new"
"D556"	"CD306W.3"	"22"	"69.396000000000001"	"1.849"	"1.992"	"15"	"0"	"69.396000000000001"	"2"	"6"	"stool"	"Denmark"	"no"	51432	"above"	51432	"new"
"D557"	"CD306W.4"	"22"	"269.80399999999997"	"1.8620000000000001"	"1.8420000000000001"	"13.343019377029252"	"1.6569806229707478"	"240"	"2"	"6"	"stool"	"Denmark"	"no"	10227	"below"	10227	"new"
"D558"	"CD313I.2"	"22"	"27.652999999999999"	"1.835"	"1.1890000000000001"	"15"	"0"	"27.652999999999999"	"2"	"6"	"stool"	"Denmark"	"no"	21226	"above"	21226	"new"
"D559"	"CD315U.2"	"22"	"156.68700000000001"	"1.887"	"2"	"15"	"0"	"156.68700000000001"	"2"	"6"	"stool"	"Denmark"	"no"	14245	"above"	14245	"new"
"D56"	"CD051J.2"	"10"	"81.546999999999997"	"1.9390000000000001"	"1.915"	"15"	"0"	"81.546999999999997"	"1"	"1"	"stool"	"Denmark"	"no"	14863	"above"	14863	"old"
"D560"	"CD315U.4"	"22"	"240.18700000000001"	"1.865"	"1.714"	"14.98832159942045"	"1.167840057954983E-2"	"240"	"2"	"6"	"stool"	"Denmark"	"no"	12924	"above"	12924	"new"
"D561"	"CD325L.2"	"22"	"13.97"	"1.925"	"1.1679999999999999"	"15"	"0"	"13.97"	"2"	"6"	"stool"	"Denmark"	"no"	39480	"above"	39480	"new"
"D562"	"CD325L.3"	"22"	"132.64699999999999"	"1.8979999999999999"	"2.0099999999999998"	"15"	"0"	"132.64699999999999"	"2"	"6"	"stool"	"Denmark"	"no"	20079	"above"	20079	"new"
"D563"	"CD330L.2"	"22"	"39.402000000000001"	"1.877"	"1.875"	"15"	"0"	"39.402000000000001"	"2"	"6"	"stool"	"Denmark"	"yes"	22420	"above"	22420	"new"
"D564"	"CD330L.3"	"22"	"36.133000000000003"	"1.865"	"1.9019999999999999"	"15"	"0"	"36.133000000000003"	"2"	"6"	"stool"	"Denmark"	"no"	18421	"above"	18421	"new"
"D565"	"CD331E.2"	"22"	"57.942999999999998"	"1.921"	"2.0209999999999999"	"15"	"0"	"57.942999999999998"	"2"	"6"	"stool"	"Denmark"	"no"	23233	"above"	23233	"new"
"D566"	"CD334J.4"	"22"	"15.276999999999999"	"1.895"	"1.1359999999999999"	"15"	"0"	"15.276999999999999"	"2"	"6"	"stool"	"Denmark"	"no"	35265	"above"	35265	"new"
"D567"	"CD340C.2"	"22"	"57.732999999999997"	"1.9079999999999999"	"1.6659999999999999"	"15"	"0"	"57.732999999999997"	"2"	"6"	"stool"	"Denmark"	"no"	27947	"above"	27947	"new"
"D568"	"CD340C.4"	"22"	"95.51"	"1.9139999999999999"	"2.004"	"15"	"0"	"95.51"	"2"	"6"	"stool"	"Denmark"	"no"	18837	"above"	18837	"new"
"D569"	"CD347F.3"	"22"	"44.082000000000001"	"1.9019999999999999"	"1.673"	"15"	"0"	"44.082000000000001"	"2"	"6"	"stool"	"Denmark"	"no"	34277	"above"	34277	"new"
"D57"	"CD051J.3"	"10"	"67.775000000000006"	"1.9650000000000001"	"1.7809999999999999"	"15"	"0"	"67.775000000000006"	"1"	"1"	"stool"	"Denmark"	"no"	34102	"above"	34102	"old"
"D570"	"CD358P.2"	"22"	"40.137999999999998"	"1.962"	"1.83"	"15"	"0"	"40.137999999999998"	"2"	"6"	"stool"	"Denmark"	"no"	26808	"above"	26808	"new"
"D571"	"CD358P.3"	"22"	"159.18700000000001"	"1.925"	"2.0990000000000002"	"15"	"0"	"159.18700000000001"	"2"	"6"	"stool"	"Denmark"	"no"	26572	"above"	26572	"new"
"D572"	"CD365B.2"	"22"	"123.21599999999999"	"1.9219999999999999"	"2.1419999999999999"	"15"	"0"	"123.21599999999999"	"2"	"6"	"stool"	"Denmark"	"no"	59518	"above"	59518	"new"
"D573"	"CD365B.3"	"22"	"278.20100000000002"	"1.901"	"2.1179999999999999"	"12.940284183018752"	"2.0597158169812477"	"240"	"2"	"6"	"stool"	"Denmark"	"no"	21205	"above"	21205	"new"
"D574"	"CD377E.2"	"22"	"62.389000000000003"	"1.968"	"1.837"	"15"	"0"	"62.389000000000003"	"2"	"6"	"stool"	"Denmark"	"no"	43200	"above"	43200	"new"
"D575"	"CD377E.4"	"22"	"182.684"	"1.8919999999999999"	"1.6990000000000001"	"15"	"0"	"182.684"	"2"	"6"	"stool"	"Denmark"	"no"	14099	"above"	14099	"new"
"D577"	"Blank_22.2"	"22"	"1.5620000000000001"	"-5.7220000000000004"	"0.25700000000000001"	"15"	"0"	"1.5620000000000001"	"2"	"7"	"blank"	""	"no"	281	"below"	281	"new"
"D578"	"CD381L.2"	"22"	"128.70099999999999"	"1.915"	"2.0169999999999999"	"15"	"0"	"128.70099999999999"	"2"	"7"	"stool"	"Denmark"	"no"	15162	"above"	15162	"new"
"D579"	"CD338H.2"	"22"	"92.335999999999999"	"1.9259999999999999"	"2.024"	"15"	"0"	"92.335999999999999"	"2"	"7"	"stool"	"Denmark"	"no"	27082	"above"	27082	"new"
"D58"	"CD051J.4"	"10"	"49.274000000000001"	"1.9670000000000001"	"1.6759999999999999"	"15"	"0"	"49.274000000000001"	"1"	"1"	"stool"	"Denmark"	"no"	24965	"above"	24965	"old"
"D580"	"CD338H.3"	"22"	"58.515999999999998"	"1.9630000000000001"	"2.0659999999999998"	"15"	"0"	"58.515999999999998"	"2"	"7"	"stool"	"Denmark"	"no"	30286	"above"	30286	"new"
"D581"	"CD338H.4"	"22"	"210.94800000000001"	"1.9259999999999999"	"2.1059999999999999"	"15"	"0"	"210.94800000000001"	"2"	"7"	"stool"	"Denmark"	"no"	14230	"above"	14230	"new"
"D582"	"CD339A.2"	"22"	"125.226"	"1.887"	"2.1930000000000001"	"15"	"0"	"125.22599999999998"	"2"	"7"	"stool"	"Denmark"	"no"	38654	"above"	38654	"new"
"D583"	"CD339A.3"	"22"	"37.725999999999999"	"1.9670000000000001"	"1.8049999999999999"	"15"	"0"	"37.725999999999999"	"2"	"7"	"stool"	"Denmark"	"no"	22370	"above"	22370	"new"
"D584"	"CD339A.4"	"22"	"48.598999999999997"	"1.9970000000000001"	"1.629"	"15"	"0"	"48.598999999999997"	"2"	"7"	"stool"	"Denmark"	"no"	17630	"above"	17630	"new"
"D585"	"CD344A.2"	"22"	"36.597999999999999"	"1.9910000000000001"	"1.7090000000000001"	"15"	"0"	"36.597999999999999"	"2"	"7"	"stool"	"Denmark"	"no"	27510	"above"	27510	"new"
"D586"	"CD344A.3"	"22"	"90.727999999999994"	"1.9550000000000001"	"2.02"	"15"	"0"	"90.727999999999994"	"2"	"7"	"stool"	"Denmark"	"no"	15922	"above"	15922	"new"
"D587"	"CD344A.4"	"22"	"88.799000000000007"	"1.9510000000000001"	"2.028"	"15"	"0"	"88.799000000000007"	"2"	"7"	"stool"	"Denmark"	"no"	21650	"above"	21650	"new"
"D588"	"CD346M.2"	"22"	"49.293999999999997"	"1.988"	"1.8280000000000001"	"15"	"0"	"49.293999999999997"	"2"	"7"	"stool"	"Denmark"	"no"	36979	"above"	36979	"new"
"D589"	"CD346M.3"	"22"	"146.227"	"1.9339999999999999"	"2.0710000000000002"	"15"	"0"	"146.227"	"2"	"7"	"stool"	"Denmark"	"no"	7098	"below"	7098	"new"
"D59"	"CD053V.2"	"10"	"84.537999999999997"	"1.93"	"1.8779999999999999"	"15"	"0"	"84.537999999999997"	"1"	"1"	"stool"	"Denmark"	"no"	16907	"above"	16907	"old"
"D590"	"CD346M.4"	"22"	"74.299000000000007"	"1.9510000000000001"	"2.0379999999999998"	"15"	"0"	"74.299000000000007"	"2"	"7"	"stool"	"Denmark"	"no"	17965	"above"	17965	"new"
"D591"	"CD349R.2"	"22"	"12.061"	"2.3410000000000002"	"1.4259999999999999"	"15"	"0"	"12.061"	"2"	"7"	"stool"	"Denmark"	"no"	17903	"above"	17903	"new"
"D592"	"CD349R.3"	"22"	"257.94499999999999"	"1.907"	"2.1190000000000002"	"13.956463587198822"	"1.0435364128011777"	"240"	"2"	"7"	"stool"	"Denmark"	"no"	8004	"below"	8004	"new"
"D593"	"CD349R.4"	"22"	"264.596"	"1.8979999999999999"	"2.0910000000000002"	"13.605647855598724"	"1.3943521444012763"	"240"	"2"	"7"	"stool"	"Denmark"	"no"	12168	"above"	12168	"new"
"D594"	"Mock_DreX1.1"	"24"	"2.3250000000000002"	"2.589"	"0.745"	"15"	"0"	"2.3250000000000002"	"2"	"7"	"mock"	""	"no"	12880	"above"	12880	"new"
"D595"	"Blank_DreX1.3"	"24"	"0.128"	"-8.2000000000000003E-2"	"4.3999999999999997E-2"	"15"	"0"	"0.128"	"2"	"7"	"blank"	""	"no"	187	"below"	187	"new"
"D596"	"CD350T.2"	"22"	"235.88300000000001"	"1.9079999999999999"	"2.17"	"15"	"0"	"235.88300000000001"	"2"	"7"	"stool"	"Denmark"	"no"	14079	"above"	14079	"new"
"D597"	"CD350T.3"	"22"	"104.563"	"1.9219999999999999"	"2.0449999999999999"	"15"	"0"	"104.563"	"2"	"7"	"stool"	"Denmark"	"no"	22505	"above"	22505	"new"
"D598"	"CD350T.4"	"22"	"53.531999999999996"	"2.0009999999999999"	"1.829"	"15"	"0"	"53.531999999999996"	"2"	"7"	"stool"	"Denmark"	"no"	13857	"above"	13857	"new"
"D599"	"CD351M.2"	"22"	"93.903000000000006"	"1.9330000000000001"	"2.1059999999999999"	"15"	"0"	"93.903000000000006"	"2"	"7"	"stool"	"Denmark"	"no"	21230	"above"	21230	"new"
"D6"	"CD004H.2"	"9"	"100.262"	"1.907"	"2.1680000000000001"	"15"	"0"	"100.262"	"1"	"1"	"stool"	"Denmark"	"no"	62601	"above"	62601	"old"
"D60"	"CD053V.3"	"10"	"193.07400000000001"	"1.927"	"2.0470000000000002"	"15"	"0"	"193.07400000000001"	"1"	"1"	"stool"	"Denmark"	"no"	9765	"below"	9765	"old"
"D600"	"CD351M.3x"	"24"	"43.183999999999997"	"2.0819999999999999"	"2.08"	"15"	"0"	"43.183999999999997"	"2"	"7"	"stool"	"Denmark"	"no"	17925	"above"	17925	"new"
"D601"	"CD351M.4x"	"24"	"17.405000000000001"	"2.4809999999999999"	"1.4119999999999999"	"15"	"0"	"17.405000000000005"	"2"	"7"	"stool"	"Denmark"	"no"	18623	"above"	18623	"new"
"D602"	"CD353Y.2"	"22"	"44.85"	"2.024"	"1.7649999999999999"	"15"	"0"	"44.85"	"2"	"7"	"stool"	"Denmark"	"no"	22259	"above"	22259	"new"
"D603"	"CD353Y.3"	"22"	"70.097999999999999"	"1.9490000000000001"	"1.988"	"15"	"0"	"70.097999999999999"	"2"	"7"	"stool"	"Denmark"	"no"	18226	"above"	18226	"new"
"D604"	"CD353Y.4"	"22"	"23.175000000000001"	"2.1360000000000001"	"1.47"	"15"	"0"	"23.175000000000001"	"2"	"7"	"stool"	"Denmark"	"no"	30765	"above"	30765	"new"
"D605"	"Blank_23.1"	"23"	"2.7879999999999998"	"1.4450000000000001"	"0.36399999999999999"	"15"	"0"	"2.7879999999999998"	"2"	"7"	"blank"	""	"no"	13	"below"	13	"new"
"D606"	"Mock_23.1"	"23"	"7.1040000000000001"	"1.4970000000000001"	"1.071"	"15"	"0"	"7.1040000000000001"	"2"	"7"	"mock"	""	"no"	15841	"above"	15841	"new"
"D607"	"CD383X.3"	"23"	"61.948999999999998"	"1.849"	"2.0059999999999998"	"15"	"0"	"61.948999999999998"	"2"	"7"	"stool"	"Denmark"	"no"	26885	"above"	26885	"new"
"D608"	"CD383X.4"	"23"	"64.628"	"1.8420000000000001"	"1.7589999999999999"	"15"	"0"	"64.628"	"2"	"7"	"stool"	"Denmark"	"no"	22328	"above"	22328	"new"
"D609"	"D220 278W.2"	"23"	"161.46100000000001"	"1.899"	"2.1640000000000001"	"15"	"0"	"161.46099999999998"	"2"	"7"	"stool"	"Denmark"	"yes"	11765	"below"	11765	"new"
"D61"	"CD053V.4"	"10"	"205.22900000000001"	"1.885"	"1.907"	"15"	"0"	"205.22900000000001"	"1"	"1"	"stool"	"Denmark"	"no"	11139	"below"	11139	"old"
"D610"	"D220 330L.2"	"23"	"56.664999999999999"	"1.879"	"1.9850000000000001"	"15"	"0"	"56.664999999999999"	"2"	"7"	"stool"	"Denmark"	"yes"	29263	"above"	29263	"new"
"D62"	"CD054O.2"	"10"	"68.379000000000005"	"1.9370000000000001"	"1.8160000000000001"	"15"	"0"	"68.379000000000005"	"1"	"1"	"stool"	"Denmark"	"no"	19541	"above"	19541	"old"
"D63"	"CD054O.3"	"10"	"98.495000000000005"	"1.9550000000000001"	"1.97"	"15"	"0"	"98.495000000000019"	"1"	"1"	"stool"	"Denmark"	"no"	4283	"below"	4283	"old"
"D64"	"CD054O.4"	"10"	"60.314999999999998"	"1.952"	"1.9319999999999999"	"15"	"0"	"60.314999999999991"	"1"	"1"	"stool"	"Denmark"	"no"	10377	"below"	10377	"old"
"D65"	"CD055H.3"	"10"	"99.126999999999995"	"1.968"	"2.0129999999999999"	"15"	"0"	"99.126999999999995"	"1"	"1"	"stool"	"Denmark"	"no"	56352	"above"	56352	"old"
"D66"	"CD055H.4"	"10"	"86.71"	"1.946"	"1.8879999999999999"	"15"	"0"	"86.71"	"1"	"1"	"stool"	"Denmark"	"no"	16528	"above"	16528	"old"
"D67"	"CD056A.2"	"10"	"40.831000000000003"	"2.089"	"1.718"	"15"	"0"	"40.831000000000003"	"1"	"1"	"stool"	"Denmark"	"no"	1532	"below"	1532	"old"
"D68"	"CD056A.3"	"10"	"28.824999999999999"	"2.008"	"1.5760000000000001"	"15"	"0"	"28.824999999999999"	"1"	"1"	"stool"	"Denmark"	"no"	34544	"above"	34544	"old"
"D69"	"CD056A.4"	"10"	"16.713999999999999"	"2.2440000000000002"	"0.998"	"15"	"0"	"16.713999999999999"	"1"	"1"	"stool"	"Denmark"	"no"	30975	"above"	30975	"old"
"D7"	"CD004H.3"	"9"	"66.027000000000001"	"2.0169999999999999"	"2.0510000000000002"	"15"	"0"	"66.027000000000001"	"1"	"1"	"stool"	"Denmark"	"no"	24110	"above"	24110	"old"
"D70"	"CD058M.2"	"10"	"14.178000000000001"	"2.524"	"1.089"	"15"	"0"	"14.178000000000001"	"1"	"1"	"stool"	"Denmark"	"no"	36155	"above"	36155	"old"
"D71"	"CD058M.3"	"10"	"78.084000000000003"	"1.9670000000000001"	"2.0760000000000001"	"15"	"0"	"78.084000000000003"	"1"	"1"	"stool"	"Denmark"	"no"	33857	"above"	33857	"old"
"D72"	"CD058M.4"	"10"	"130.095"	"1.9119999999999999"	"2.113"	"15"	"0"	"130.095"	"1"	"1"	"stool"	"Denmark"	"no"	38926	"above"	38926	"old"
"D73"	"CD061A.2"	"10"	"22.387"	"2.27"	"1.3009999999999999"	"15"	"0"	"22.387"	"1"	"1"	"stool"	"Denmark"	"no"	43240	"above"	43240	"old"
"D74"	"CD061A.3"	"10"	"32.720999999999997"	"2.109"	"1.5189999999999999"	"15"	"0"	"32.720999999999997"	"1"	"1"	"stool"	"Denmark"	"no"	26746	"above"	26746	"old"
"D75"	"CD061A.4"	"10"	"146.78"	"1.8859999999999999"	"1.9730000000000001"	"15"	"0"	"146.78"	"1"	"1"	"stool"	"Denmark"	"no"	45074	"above"	45074	"old"
"D76"	"Blank_11.1"	"11"	"2.4500000000000002"	"1.7709999999999999"	"0.47499999999999998"	"15"	"0"	"2.4500000000000002"	"1"	"1"	"blank"	""	"no"	182	"below"	182	"old"
"D77"	"Mock_11.1"	"11"	"3.9510000000000001"	"1.8240000000000001"	"0.83499999999999996"	"15"	"0"	"3.9510000000000001"	"1"	"1"	"mock"	""	"no"	23263	"above"	23263	"old"
"D78"	"CD062T.2"	"11"	"19.021999999999998"	"1.7929999999999999"	"2.1459999999999999"	"15"	"0"	"19.021999999999998"	"1"	"1"	"stool"	"Denmark"	"no"	31974	"above"	31974	"old"
"D79"	"CD062T.3"	"11"	"24.114000000000001"	"1.8420000000000001"	"2.0219999999999998"	"15"	"0"	"24.114000000000001"	"1"	"1"	"stool"	"Denmark"	"no"	20643	"above"	20643	"old"
"D8"	"CD004H.4"	"9"	"98.025000000000006"	"1.9379999999999999"	"2.1659999999999999"	"15"	"0"	"98.025000000000006"	"1"	"1"	"stool"	"Denmark"	"no"	3924	"below"	3924	"old"
"D80"	"CD062T.4"	"11"	"28.045999999999999"	"2.0059999999999998"	"1.8140000000000001"	"15"	"0"	"28.045999999999999"	"1"	"1"	"stool"	"Denmark"	"no"	27677	"above"	27677	"old"
"D81"	"CD063M.2"	"11"	"33.921999999999997"	"1.919"	"2"	"15"	"0"	"33.921999999999997"	"1"	"1"	"stool"	"Denmark"	"no"	37740	"above"	37740	"old"
"D82"	"CD063M.3"	"11"	"96.51"	"1.8759999999999999"	"2.129"	"15"	"0"	"96.51"	"1"	"1"	"stool"	"Denmark"	"no"	26035	"above"	26035	"old"
"D83"	"CD063M.4"	"11"	"49.171999999999997"	"1.88"	"2.121"	"15"	"0"	"49.171999999999997"	"1"	"1"	"stool"	"Denmark"	"no"	41582	"above"	41582	"old"
"D84"	"CD067K.2"	"11"	"190.88300000000001"	"1.8979999999999999"	"2.1669999999999998"	"15"	"0"	"190.88300000000001"	"1"	"1"	"stool"	"Denmark"	"no"	1567	"below"	1567	"old"
"D85"	"CD067K.3"	"11"	"117.83499999999999"	"1.923"	"2.137"	"15"	"0"	"117.83499999999999"	"1"	"1"	"stool"	"Denmark"	"no"	8795	"below"	8795	"old"
"D86"	"CD067K.4"	"11"	"94.436000000000007"	"1.895"	"2.117"	"15"	"0"	"94.436000000000007"	"1"	"1"	"stool"	"Denmark"	"no"	22495	"above"	22495	"old"
"D87"	"CD068D.2"	"11"	"27.181000000000001"	"1.895"	"2.0859999999999999"	"15"	"0"	"27.181000000000001"	"1"	"1"	"stool"	"Denmark"	"no"	56486	"above"	56486	"old"
"D88"	"CD068D.3"	"11"	"44.087000000000003"	"1.875"	"2.0840000000000001"	"15"	"0"	"44.087000000000003"	"1"	"1"	"stool"	"Denmark"	"no"	35415	"above"	35415	"old"
"D89"	"CD068D.4"	"11"	"235.25299999999999"	"1.8759999999999999"	"2.101"	"15"	"0"	"235.25299999999999"	"1"	"1"	"stool"	"Denmark"	"no"	10317	"below"	10317	"old"
"D9"	"CD005A.2"	"9"	"94.837000000000003"	"1.919"	"2.1760000000000002"	"15"	"0"	"94.837000000000003"	"1"	"1"	"stool"	"Denmark"	"no"	21014	"above"	21014	"old"
"D90"	"CD070Y.2"	"11"	"28.007000000000001"	"1.9339999999999999"	"1.917"	"15"	"0"	"28.007000000000001"	"1"	"1"	"stool"	"Denmark"	"no"	36813	"above"	36813	"old"
"D91"	"CD070Y.3"	"11"	"29.65"	"1.9119999999999999"	"1.8540000000000001"	"15"	"0"	"29.65"	"1"	"1"	"stool"	"Denmark"	"no"	31647	"above"	31647	"old"
"D92"	"CD070Y.4"	"11"	"78.185000000000002"	"1.899"	"2.0640000000000001"	"15"	"0"	"78.185000000000002"	"1"	"1"	"stool"	"Denmark"	"no"	32280	"above"	32280	"old"
"D93"	"CD071R.2"	"11"	"197.60499999999999"	"1.89"	"2.1739999999999999"	"15"	"0"	"197.60499999999999"	"1"	"1"	"stool"	"Denmark"	"no"	22483	"above"	22483	"old"
"D94"	"CD071R.3"	"11"	"168.04599999999999"	"1.905"	"2.1890000000000001"	"15"	"0"	"168.04599999999999"	"1"	"1"	"stool"	"Denmark"	"no"	7011	"below"	7011	"old"
"D95"	"CD071R.4"	"11"	"161.55099999999999"	"1.855"	"2.101"	"15"	"0"	"161.55099999999999"	"1"	"1"	"stool"	"Denmark"	"no"	14320	"above"	14320	"old"
"D97"	"Blank_11.2"	"11"	"1.3959999999999999"	"4.2919999999999998"	"0.32600000000000001"	"15"	"0"	"1.3959999999999999"	"1"	"2"	"blank"	""	"no"	451	"below"	451	"old"
"D98"	"CD072K.2"	"11"	"17.41"	"1.8480000000000001"	"0.64900000000000002"	"15"	"0"	"17.41"	"1"	"2"	"stool"	"Denmark"	"no"	31142	"above"	31142	"old"
"D99"	"CD072K.3"	"11"	"247.554"	"1.891"	"2.1469999999999998"	"14.542281683996219"	"0.45771831600378121"	"240"	"1"	"2"	"stool"	"Denmark"	"no"	25725	"above"	25725	"old"
